,type,battleTime,challengeId,arena_id,arena_name,gameMode_id,gameMode_name,challengeWinCountBefore,deckSelection,team_0_tag,team_0_name,team_0_startingTrophies,team_0_crowns,team_0_clan_tag,team_0_clan_name,team_0_clan_badgeId,team_0_cards_0_name,team_0_cards_0_level,team_0_cards_0_maxLevel,team_0_cards_1_name,team_0_cards_1_level,team_0_cards_1_maxLevel,team_0_cards_2_name,team_0_cards_2_level,team_0_cards_2_maxLevel,team_0_cards_3_name,team_0_cards_3_level,team_0_cards_3_maxLevel,team_0_cards_4_name,team_0_cards_4_level,team_0_cards_4_maxLevel,team_0_cards_5_name,team_0_cards_5_level,team_0_cards_5_maxLevel,team_0_cards_6_name,team_0_cards_6_level,team_0_cards_6_maxLevel,team_0_cards_7_name,team_0_cards_7_level,team_0_cards_7_maxLevel,team_1_tag,team_1_name,team_1_startingTrophies,team_1_crowns,team_1_clan_tag,team_1_clan_name,team_1_clan_badgeId,team_1_cards_0_name,team_1_cards_0_level,team_1_cards_0_maxLevel,team_1_cards_1_name,team_1_cards_1_level,team_1_cards_1_maxLevel,team_1_cards_2_name,team_1_cards_2_level,team_1_cards_2_maxLevel,team_1_cards_3_name,team_1_cards_3_level,team_1_cards_3_maxLevel,team_1_cards_4_name,team_1_cards_4_level,team_1_cards_4_maxLevel,team_1_cards_5_name,team_1_cards_5_level,team_1_cards_5_maxLevel,team_1_cards_6_name,team_1_cards_6_level,team_1_cards_6_maxLevel,team_1_cards_7_name,team_1_cards_7_level,team_1_cards_7_maxLevel,opponent_0_tag,opponent_0_name,opponent_0_startingTrophies,opponent_0_crowns,opponent_0_clan_tag,opponent_0_clan_name,opponent_0_clan_badgeId,opponent_0_cards_0_name,opponent_0_cards_0_level,opponent_0_cards_0_maxLevel,opponent_0_cards_1_name,opponent_0_cards_1_level,opponent_0_cards_1_maxLevel,opponent_0_cards_2_name,opponent_0_cards_2_level,opponent_0_cards_2_maxLevel,opponent_0_cards_3_name,opponent_0_cards_3_level,opponent_0_cards_3_maxLevel,opponent_0_cards_4_name,opponent_0_cards_4_level,opponent_0_cards_4_maxLevel,opponent_0_cards_5_name,opponent_0_cards_5_level,opponent_0_cards_5_maxLevel,opponent_0_cards_6_name,opponent_0_cards_6_level,opponent_0_cards_6_maxLevel,opponent_0_cards_7_name,opponent_0_cards_7_level,opponent_0_cards_7_maxLevel,opponent_1_tag,opponent_1_name,opponent_1_startingTrophies,opponent_1_crowns,opponent_1_clan_tag,opponent_1_clan_name,opponent_1_clan_badgeId,opponent_1_cards_0_name,opponent_1_cards_0_level,opponent_1_cards_0_maxLevel,opponent_1_cards_1_name,opponent_1_cards_1_level,opponent_1_cards_1_maxLevel,opponent_1_cards_2_name,opponent_1_cards_2_level,opponent_1_cards_2_maxLevel,opponent_1_cards_3_name,opponent_1_cards_3_level,opponent_1_cards_3_maxLevel,opponent_1_cards_4_name,opponent_1_cards_4_level,opponent_1_cards_4_maxLevel,opponent_1_cards_5_name,opponent_1_cards_5_level,opponent_1_cards_5_maxLevel,opponent_1_cards_6_name,opponent_1_cards_6_level,opponent_1_cards_6_maxLevel,opponent_1_cards_7_name,opponent_1_cards_7_level,opponent_1_cards_7_maxLevel
0,casual2v2,20220314T040103.000Z,,54000041,Legendary Arena,72000023,TeamVsTeamLadder,,collection,#Y9R22RQ2,CMG Ian77,7346,1,#L89GRCRR,Fatherless,16000154.0,Executioner,9,9,The Log,6,6,Tornado,9,9,Valkyrie,12,12,Goblins,14,14,Ice Spirit,14,14,Rocket,12,12,Hog Rider,12,12,#G8JU0LCQU,kira❤️,,1.0,#L89GRCRR,Fatherless,16000154.0,The Log,5.0,6.0,Princess,6.0,6.0,Rocket,12.0,12.0,Goblin Barrel,9.0,9.0,Goblin Gang,13.0,14.0,Tesla,9.0,14.0,Ice Spirit,13.0,14.0,Knight,14.0,14.0,#QUYJCL22,Leon137,5672,0,#P8C9YRLR,Clash mexican,16000012.0,P.E.K.K.A,9,9,Miner,2,6,Musketeer,11,12,Fireball,12,12,Bats,13,14,Skeleton King,2,4,Skeletons,12,14,The Log,3,6,#8CYJ9V08C,~Sr.Aaron~,,0.0,#LL88UCC,Acción Komando,16000172.0,Hog Rider,12.0,12.0,Lumberjack,6.0,6.0,Firecracker,14.0,14.0,Electro Wizard,5.0,6.0,Tesla,14.0,14.0,Guards,8.0,9.0,Elite Barbarians,14.0,14.0,Zap,13.0,14.0
1,friendly,20220314T035712.000Z,,54000019,Grand Champion,72000007,Friendly,,collection,#Y9R22RQ2,CMG Ian77,7346,1,#L89GRCRR,Fatherless,16000154.0,Executioner,6,9,The Log,3,6,Tornado,6,9,Valkyrie,9,12,Goblins,11,14,Ice Spirit,11,14,Rocket,9,12,Hog Rider,9,12,,,,,,,,,,,,,,,,,,,,,,,,,,,,,,,,#G8JU0LCQU,kira❤️,5556,0,#L89GRCRR,Fatherless,16000154.0,The Log,3,6,Princess,3,6,Rocket,9,12,Goblin Barrel,6,9,Goblin Gang,11,14,Tesla,11,14,Ice Spirit,11,14,Valkyrie,9,12,,,,,,,,,,,,,,,,,,,,,,,,,,,,,,,
2,friendly,20220314T035159.000Z,,54000013,Challenger II,72000007,Friendly,,collection,#Y9R22RQ2,CMG Ian77,7346,0,#L89GRCRR,Fatherless,16000154.0,Miner,3,6,The Log,3,6,Electro Spirit,11,14,Rocket,9,12,Royal Delivery,11,14,Tesla,11,14,Skeletons,11,14,Dark Prince,6,9,,,,,,,,,,,,,,,,,,,,,,,,,,,,,,,,#G8JU0LCQU,kira❤️,5556,1,#L89GRCRR,Fatherless,16000154.0,Golem,6,9,Tornado,6,9,Balloon,6,9,Skeleton Army,6,9,Rocket,9,12,Night Witch,3,6,Clone,6,9,Lumberjack,3,6,,,,,,,,,,,,,,,,,,,,,,,,,,,,,,,
3,friendly,20220314T034622.000Z,,54000013,Challenger II,72000007,Friendly,,collection,#Y9R22RQ2,CMG Ian77,7346,3,#L89GRCRR,Fatherless,16000154.0,Bowler,6,9,Fireball,9,12,Goblin Barrel,6,9,The Log,3,6,Mirror,6,9,Minion Horde,11,14,Furnace,9,12,Rascals,11,14,,,,,,,,,,,,,,,,,,,,,,,,,,,,,,,,#G8JU0LCQU,kira❤️,5556,1,#L89GRCRR,Fatherless,16000154.0,Royal Ghost,3,6,Magic Archer,3,6,Bandit,3,6,Heal Spirit,9,12,Battle Ram,9,12,The Log,3,6,Elite Barbarians,11,14,Cannon Cart,6,9,,,,,,,,,,,,,,,,,,,,,,,,,,,,,,,
4,friendly,20220314T034137.000Z,,54000013,Challenger II,72000007,Friendly,,collection,#Y9R22RQ2,CMG Ian77,7346,0,#L89GRCRR,Fatherless,16000154.0,Mortar,11,14,Mega Minion,9,12,Firecracker,11,14,The Log,3,6,Tornado,6,9,Skeletons,11,14,Valkyrie,9,12,Earthquake,9,12,,,,,,,,,,,,,,,,,,,,,,,,,,,,,,,,#G8JU0LCQU,kira❤️,5556,1,#L89GRCRR,Fatherless,16000154.0,Graveyard,3,6,Archers,11,14,Inferno Dragon,3,6,Arrows,11,14,Bomb Tower,9,12,Valkyrie,9,12,Poison,6,9,Cannon Cart,6,9,,,,,,,,,,,,,,,,,,,,,,,,,,,,,,,
5,friendly,20220314T033628.000Z,,54000019,Grand Champion,72000007,Friendly,,collection,#Y9R22RQ2,CMG Ian77,7346,0,#L89GRCRR,Fatherless,16000154.0,Princess,3,6,The Log,3,6,Hog Rider,9,12,Ice Golem,9,12,Bats,11,14,Mini P.E.K.K.A,9,12,Fire Spirit,11,14,Rocket,9,12,,,,,,,,,,,,,,,,,,,,,,,,,,,,,,,,#G8JU0LCQU,kira❤️,5556,1,#L89GRCRR,Fatherless,16000154.0,Goblin Cage,9,12,Fire Spirit,11,14,The Log,3,6,Arrows,11,14,Royal Hogs,9,12,Earthquake,9,12,Hunter,6,9,Skeletons,11,14,,,,,,,,,,,,,,,,,,,,,,,,,,,,,,,
6,PvP,20220314T032027.000Z,,54000041,Legendary Arena,72000201,Ladder_CrownRush,,collection,#Y9R22RQ2,CMG Ian77,7328,1,#L89GRCRR,Fatherless,16000154.0,Princess,6,6,The Log,6,6,Hog Rider,12,12,Ice Golem,12,12,Bats,14,14,Mini P.E.K.K.A,12,12,Fire Spirit,14,14,Rocket,12,12,,,,,,,,,,,,,,,,,,,,,,,,,,,,,,,,#28VRQ9GYC,一名術士,7192,0,#QPLPY0,Mr. Elmo,16000078.0,Dark Prince,9,9,Fisherman,6,6,Giant,12,12,Mega Minion,12,12,Archers,14,14,Arrows,14,14,Graveyard,6,6,Giant Snowball,14,14,,,,,,,,,,,,,,,,,,,,,,,,,,,,,,,
7,PvP,20220314T031538.000Z,,54000041,Legendary Arena,72000201,Ladder_CrownRush,,collection,#Y9R22RQ2,CMG Ian77,7353,1,#L89GRCRR,Fatherless,16000154.0,Princess,6,6,The Log,6,6,Hog Rider,12,12,Ice Golem,12,12,Bats,14,14,Mini P.E.K.K.A,12,12,Fire Spirit,14,14,Rocket,12,12,,,,,,,,,,,,,,,,,,,,,,,,,,,,,,,,#LLJQUL2C,｢OLR™｣ ʀᴀғɪɴʜᴀ,7408,2,#9QUQ8ULR,OS LENDÁRIOS✌,16000044.0,Giant,12,12,Skeleton Army,9,9,Bats,14,14,Mini P.E.K.K.A,12,12,Arrows,14,14,Musketeer,12,12,Giant Snowball,14,14,Graveyard,6,6,,,,,,,,,,,,,,,,,,,,,,,,,,,,,,,
8,PvP,20220314T030137.000Z,,54000041,Legendary Arena,72000201,Ladder_CrownRush,,collection,#Y9R22RQ2,CMG Ian77,7323,1,#L89GRCRR,Fatherless,16000154.0,Princess,6,6,The Log,6,6,Hog Rider,12,12,Ice Golem,12,12,Bats,14,14,Mini P.E.K.K.A,12,12,Fire Spirit,14,14,Rocket,12,12,,,,,,,,,,,,,,,,,,,,,,,,,,,,,,,,#9Q8UUYJRL,GOD SHOTE LAVA,7328,0,#GPUG2PQP,GOD NAKASHU,16000040.0,Balloon,9,9,Zap,14,14,Fireball,12,12,Tombstone,12,12,Valkyrie,12,12,Mega Minion,12,12,Skeleton Dragons,14,14,Lava Hound,6,6,,,,,,,,,,,,,,,,,,,,,,,,,,,,,,,
9,PvP,20220314T025642.000Z,,54000041,Legendary Arena,72000201,Ladder_CrownRush,,collection,#Y9R22RQ2,CMG Ian77,7293,1,#L89GRCRR,Fatherless,16000154.0,Princess,6,6,The Log,6,6,Hog Rider,12,12,Ice Golem,12,12,Bats,14,14,Mini P.E.K.K.A,12,12,Fire Spirit,14,14,Rocket,12,12,,,,,,,,,,,,,,,,,,,,,,,,,,,,,,,,#JPG8PP2U,善は急げ,7299,0,#GCQYJP,梅☆弁当,16000054.0,Sparky,6,6,Tornado,9,9,Goblin Barrel,9,9,Ice Golem,12,12,Giant,12,12,Spear Goblins,14,14,Giant Snowball,14,14,Minions,14,14,,,,,,,,,,,,,,,,,,,,,,,,,,,,,,,
10,PvP,20220314T025246.000Z,,54000041,Legendary Arena,72000201,Ladder_CrownRush,,collection,#Y9R22RQ2,CMG Ian77,7270,1,#L89GRCRR,Fatherless,16000154.0,Princess,6,6,The Log,6,6,Hog Rider,12,12,Ice Golem,12,12,Bats,14,14,Mini P.E.K.K.A,12,12,Fire Spirit,14,14,Rocket,12,12,,,,,,,,,,,,,,,,,,,,,,,,,,,,,,,,#20GJJPU9,Over かずと❦,7188,0,#Y89VR8JL,Juvenile,16000040.0,X-Bow,9,9,Valkyrie,12,12,Archer Queen,4,4,Tesla,14,14,The Log,6,6,Rocket,12,12,Tornado,8,9,Skeletons,14,14,,,,,,,,,,,,,,,,,,,,,,,,,,,,,,,
11,PvP,20220314T024714.000Z,,54000041,Legendary Arena,72000201,Ladder_CrownRush,,collection,#Y9R22RQ2,CMG Ian77,7294,0,#L89GRCRR,Fatherless,16000154.0,Princess,6,6,The Log,6,6,Hog Rider,12,12,Ice Golem,12,12,Bats,14,14,Mini P.E.K.K.A,12,12,Fire Spirit,14,14,Rocket,12,12,,,,,,,,,,,,,,,,,,,,,,,,,,,,,,,,#290VGG28,Pedro™️,7355,1,#QLU8U8LC,CODE: KCLASH,16000108.0,Giant,12,12,Archer Queen,4,4,Dark Prince,9,9,Graveyard,6,6,Skeleton Army,9,9,Giant Snowball,14,14,Arrows,14,14,Minions,14,14,,,,,,,,,,,,,,,,,,,,,,,,,,,,,,,
12,PvP,20220314T024233.000Z,,54000041,Legendary Arena,72000201,Ladder_CrownRush,,collection,#Y9R22RQ2,CMG Ian77,7264,1,#L89GRCRR,Fatherless,16000154.0,Princess,6,6,The Log,6,6,Hog Rider,12,12,Ice Golem,12,12,Bats,14,14,Mini P.E.K.K.A,12,12,Fire Spirit,14,14,Rocket,12,12,,,,,,,,,,,,,,,,,,,,,,,,,,,,,,,,#PY0YGJRUL,mauboe,7269,0,#G9QP2QC,18's,16000003.0,Electro Spirit,14,14,Rocket,12,12,Goblin Barrel,9,9,Princess,6,6,Inferno Tower,12,12,Valkyrie,12,12,Guards,9,9,Fire Spirit,14,14,,,,,,,,,,,,,,,,,,,,,,,,,,,,,,,
13,PvP,20220314T021929.000Z,,54000041,Legendary Arena,72000201,Ladder_CrownRush,,collection,#Y9R22RQ2,CMG Ian77,7231,1,#L89GRCRR,Fatherless,16000154.0,Princess,6,6,The Log,6,6,Hog Rider,12,12,Ice Golem,12,12,Bats,14,14,Mini P.E.K.K.A,12,12,Fire Spirit,14,14,Rocket,12,12,,,,,,,,,,,,,,,,,,,,,,,,,,,,,,,,#92U29RCJ,ATHTA❤DEATHKING,7266,0,#QVVV0JJP,C.A Champions,16000000.0,Skeleton King,4,4,Electro Giant,9,9,Mega Minion,12,12,Bomber,14,14,Dark Prince,9,9,Lightning,9,9,Baby Dragon,9,9,Tornado,9,9,,,,,,,,,,,,,,,,,,,,,,,,,,,,,,,
14,PvP,20220314T021334.000Z,,54000041,Legendary Arena,72000201,Ladder_CrownRush,,collection,#Y9R22RQ2,CMG Ian77,7272,0,#L89GRCRR,Fatherless,16000154.0,Princess,6,6,The Log,6,6,Hog Rider,12,12,Ice Golem,12,12,Bats,14,14,Mini P.E.K.K.A,12,12,Fire Spirit,14,14,Rocket,12,12,,,,,,,,,,,,,,,,,,,,,,,,,,,,,,,,#9PQ8LQCUJ,ぽんじゅうる,7126,1,#LCLULQU9,YT:2.6hog daily,16000035.0,Hog Rider,12,12,Musketeer,12,12,Cannon,14,14,Ice Golem,12,12,Skeletons,14,14,Ice Spirit,14,14,The Log,6,6,Fireball,12,12,,,,,,,,,,,,,,,,,,,,,,,,,,,,,,,
15,PvP,20220314T020713.000Z,,54000041,Legendary Arena,72000201,Ladder_CrownRush,,collection,#Y9R22RQ2,CMG Ian77,7242,1,#L89GRCRR,Fatherless,16000154.0,Princess,6,6,The Log,6,6,Hog Rider,12,12,Ice Golem,12,12,Bats,14,14,Mini P.E.K.K.A,12,12,Fire Spirit,14,14,Rocket,12,12,,,,,,,,,,,,,,,,,,,,,,,,,,,,,,,,#89RCVUG8G,なかやまきんに君,7252,0,#PYGQQC2P,Divine Saga,16000043.0,Skeletons,14,14,Royal Delivery,14,14,Cannon,14,14,Archer Queen,4,4,Royal Hogs,12,12,Fire Spirit,14,14,The Log,6,6,Earthquake,12,12,,,,,,,,,,,,,,,,,,,,,,,,,,,,,,,
16,PvP,20220314T020247.000Z,,54000041,Legendary Arena,72000201,Ladder_CrownRush,,collection,#Y9R22RQ2,CMG Ian77,7281,0,#L89GRCRR,Fatherless,16000154.0,Princess,6,6,The Log,6,6,Hog Rider,12,12,Ice Golem,12,12,Bats,14,14,Mini P.E.K.K.A,12,12,Fire Spirit,14,14,Rocket,12,12,,,,,,,,,,,,,,,,,,,,,,,,,,,,,,,,#YVU90GR,CMG Gabo✨,7162,1,#Q8YPV8C9,Twitch,16000128.0,Inferno Dragon,6,6,Bandit,6,6,Barbarian Barrel,9,9,Magic Archer,6,6,Lumberjack,6,6,Ram Rider,6,6,Heal Spirit,12,12,Fireball,12,12,,,,,,,,,,,,,,,,,,,,,,,,,,,,,,,
17,PvP,20220314T015543.000Z,,54000041,Legendary Arena,72000201,Ladder_CrownRush,,collection,#Y9R22RQ2,CMG Ian77,7322,0,#L89GRCRR,Fatherless,16000154.0,Princess,6,6,The Log,6,6,Hog Rider,12,12,Ice Golem,12,12,Bats,14,14,Mini P.E.K.K.A,12,12,Fire Spirit,14,14,Rocket,12,12,,,,,,,,,,,,,,,,,,,,,,,,,,,,,,,,#8V9QVQCGC,やすおう^_^,7182,1,#PYGQQC2P,Divine Saga,16000043.0,Archer Queen,4,4,Royal Hogs,12,12,Earthquake,12,12,Cannon,14,14,Royal Delivery,14,14,Fire Spirit,14,14,Skeletons,14,14,The Log,6,6,,,,,,,,,,,,,,,,,,,,,,,,,,,,,,,
18,PvP,20220314T014821.000Z,,54000041,Legendary Arena,72000201,Ladder_CrownRush,,collection,#Y9R22RQ2,CMG Ian77,7356,0,#L89GRCRR,Fatherless,16000154.0,Princess,6,6,The Log,6,6,Hog Rider,12,12,Ice Golem,12,12,Bats,14,14,Mini P.E.K.K.A,12,12,Fire Spirit,14,14,Rocket,12,12,,,,,,,,,,,,,,,,,,,,,,,,,,,,,,,,#R90PRV0PY,Ryley,7302,1,#Q9CRG299,YT: Ryley CR,16000170.0,Rocket,12,12,Valkyrie,12,12,Ice Wizard,6,6,Skeletons,14,14,The Log,6,6,X-Bow,9,9,Tesla,14,14,Tornado,9,9,,,,,,,,,,,,,,,,,,,,,,,,,,,,,,,
19,PvP,20220314T013909.000Z,,54000041,Legendary Arena,72000201,Ladder_CrownRush,,collection,#Y9R22RQ2,CMG Ian77,7356,0,#L89GRCRR,Fatherless,16000154.0,Princess,6,6,The Log,6,6,Hog Rider,12,12,Ice Golem,12,12,Bats,14,14,Mini P.E.K.K.A,12,12,Fire Spirit,14,14,Rocket,12,12,,,,,,,,,,,,,,,,,,,,,,,,,,,,,,,,#9LGYYV9G,Eragon,7260,0,#G9Y9Q9RR,Trade,16000133.0,The Log,6,6,Fireball,12,12,Skeletons,14,14,Knight,14,14,Ice Spirit,14,14,X-Bow,9,9,Tesla,14,14,Archers,14,14,,,,,,,,,,,,,,,,,,,,,,,,,,,,,,,
20,PvP,20220314T012006.000Z,,54000041,Legendary Arena,72000201,Ladder_CrownRush,,collection,#Y9R22RQ2,CMG Ian77,7331,1,#L89GRCRR,Fatherless,16000154.0,Princess,6,6,The Log,6,6,Hog Rider,12,12,Ice Golem,12,12,Bats,14,14,Mini P.E.K.K.A,12,12,Fire Spirit,14,14,Rocket,12,12,,,,,,,,,,,,,,,,,,,,,,,,,,,,,,,,#98PCYQ00R,Chikaporon™️,7278,0,#8VCVPC28,StarAlliance JP,16000040.0,Magic Archer,6,6,Archer Queen,4,4,Cannon Cart,9,9,Royal Ghost,6,6,Electro Wizard,6,6,Elite Barbarians,14,14,Heal Spirit,12,12,The Log,6,6,,,,,,,,,,,,,,,,,,,,,,,,,,,,,,,
21,PvP,20220314T010848.000Z,,54000041,Legendary Arena,72000201,Ladder_CrownRush,,collection,#Y9R22RQ2,CMG Ian77,7307,1,#L89GRCRR,Fatherless,16000154.0,Princess,6,6,The Log,6,6,Hog Rider,12,12,Ice Golem,12,12,Bats,14,14,Mini P.E.K.K.A,12,12,Fire Spirit,14,14,Rocket,12,12,,,,,,,,,,,,,,,,,,,,,,,,,,,,,,,,#2PLJCQQ0,アーモンドサラダ【サブ垢】,7244,0,#PJL99LL8,ぽんたサラダ,16000102.0,Archer Queen,4,4,Bomber,14,14,Dark Prince,9,9,Electro Giant,9,9,Goblin Cage,12,12,Lightning,9,9,Electro Spirit,14,14,Tornado,9,9,,,,,,,,,,,,,,,,,,,,,,,,,,,,,,,
22,PvP,20220314T010415.000Z,,54000041,Legendary Arena,72000201,Ladder_CrownRush,,collection,#Y9R22RQ2,CMG Ian77,7341,0,#L89GRCRR,Fatherless,16000154.0,Princess,6,6,The Log,6,6,Hog Rider,12,12,Ice Golem,12,12,Bats,14,14,Mini P.E.K.K.A,12,12,Fire Spirit,14,14,Rocket,12,12,,,,,,,,,,,,,,,,,,,,,,,,,,,,,,,,#2PPRU8QU0,Aka Sight✨,7287,1,#2JVJRYP,Nova l UK,16000044.0,Ram Rider,6,6,Magic Archer,6,6,Archer Queen,4,4,Lumberjack,6,6,Fireball,12,12,The Log,6,6,Ice Golem,12,12,Bandit,6,6,,,,,,,,,,,,,,,,,,,,,,,,,,,,,,,
23,PvP,20220314T005206.000Z,,54000041,Legendary Arena,72000201,Ladder_CrownRush,,collection,#Y9R22RQ2,CMG Ian77,7320,1,#L89GRCRR,Fatherless,16000154.0,Princess,6,6,The Log,6,6,Hog Rider,12,12,Ice Golem,12,12,Bats,14,14,Mini P.E.K.K.A,12,12,Fire Spirit,14,14,Rocket,12,12,,,,,,,,,,,,,,,,,,,,,,,,,,,,,,,,#2J0LV2Q02,❤shoko❤,7216,0,#PJQLGYRQ,INDIAN ARMY,16000059.0,Knight,14,14,Ice Wizard,6,6,Baby Dragon,9,9,Tombstone,11,12,Graveyard,6,6,Poison,9,9,Tornado,7,9,Barbarian Barrel,9,9,,,,,,,,,,,,,,,,,,,,,,,,,,,,,,,
24,PvP,20220314T004614.000Z,,54000041,Legendary Arena,72000201,Ladder_CrownRush,,collection,#Y9R22RQ2,CMG Ian77,7348,0,#L89GRCRR,Fatherless,16000154.0,Princess,6,6,The Log,6,6,Hog Rider,12,12,Ice Golem,12,12,Bats,14,14,Mini P.E.K.K.A,12,12,Fire Spirit,14,14,Rocket,12,12,,,,,,,,,,,,,,,,,,,,,,,,,,,,,,,,#290VGG28,Pedro™️,7360,3,#YPU0GJUV,BisTuRi,16000021.0,Giant,12,12,Archer Queen,4,4,Dark Prince,9,9,Graveyard,6,6,Skeleton Army,9,9,Giant Snowball,14,14,Arrows,14,14,Minions,14,14,,,,,,,,,,,,,,,,,,,,,,,,,,,,,,,
25,PvP,20220313T170008.000Z,,54000041,Legendary Arena,72000201,Ladder_CrownRush,,collection,#9G28ULYR,TRB Lucas,6986,1,#LJ2G2JVC,SomosTodos75,16000149.0,Wall Breakers,9,9,Inferno Tower,12,12,Fire Spirit,14,14,Guards,9,9,Dart Goblin,12,12,Fireball,12,12,Valkyrie,12,12,Goblin Drill,9,9,,,,,,,,,,,,,,,,,,,,,,,,,,,,,,,,#890J89GG9,Orium,7074,0,#LRYU9RJG,LighTown ⭐️,16000040.0,Bandit,6,6,Skeleton Army,9,9,Bats,14,14,Mega Knight,6,6,Tesla,14,14,Fireball,12,12,Wall Breakers,9,9,The Log,6,6,,,,,,,,,,,,,,,,,,,,,,,,,,,,,,,
26,PvP,20220313T165617.000Z,,54000041,Legendary Arena,72000201,Ladder_CrownRush,,collection,#9G28ULYR,TRB Lucas,7011,0,#LJ2G2JVC,SomosTodos75,16000149.0,Wall Breakers,9,9,Inferno Tower,12,12,Fire Spirit,14,14,Guards,9,9,Dart Goblin,12,12,Fireball,12,12,Valkyrie,12,12,Goblin Drill,9,9,,,,,,,,,,,,,,,,,,,,,,,,,,,,,,,,#8J9UCJCQ,✨♣️♦️Pedal♥️♠️✨,7058,3,,,,Wall Breakers,9,9,Royal Ghost,6,6,Goblin Drill,9,9,Princess,6,6,Royal Recruits,14,14,Bandit,6,6,Elite Barbarians,14,14,Ice Wizard,6,6,,,,,,,,,,,,,,,,,,,,,,,,,,,,,,,
27,friendly,20220313T005732.000Z,,54000018,Champion,72000007,Friendly,,collection,#9G28ULYR,TRB Lucas,7011,0,#LJ2G2JVC,SomosTodos75,16000149.0,X-Bow,6,9,Freeze,6,9,Rage,6,9,Ice Spirit,11,14,Electro Spirit,11,14,Tesla,11,14,Tombstone,9,12,Elixir Collector,9,12,,,,,,,,,,,,,,,,,,,,,,,,,,,,,,,,#LP8PLVJCU,RS たぁ,7011,1,#GL89PJ9C,CRL2022,16000170.0,Skeleton King,1,4,Giant Skeleton,6,9,Sparky,3,6,Hunter,6,9,Clone,6,9,Skeleton Army,6,9,Arrows,11,14,Skeleton Barrel,11,14,,,,,,,,,,,,,,,,,,,,,,,,,,,,,,,
28,friendly,20220313T005307.000Z,,54000018,Champion,72000007,Friendly,,collection,#9G28ULYR,TRB Lucas,7011,1,#LJ2G2JVC,SomosTodos75,16000149.0,Royal Recruits,11,14,Balloon,6,9,Graveyard,3,6,Bomber,11,14,Arrows,11,14,Skeleton King,1,4,Skeleton Army,6,9,Zappies,9,12,,,,,,,,,,,,,,,,,,,,,,,,,,,,,,,,#LP8PLVJCU,RS たぁ,7011,0,#GL89PJ9C,CRL2022,16000170.0,Magic Archer,3,6,Bomb Tower,9,12,Fireball,9,12,Miner,3,6,Spear Goblins,11,14,Wall Breakers,6,9,Tornado,6,9,Dark Prince,6,9,,,,,,,,,,,,,,,,,,,,,,,,,,,,,,,
29,friendly,20220313T004838.000Z,,54000018,Champion,72000007,Friendly,,collection,#9G28ULYR,TRB Lucas,7011,0,#LJ2G2JVC,SomosTodos75,16000149.0,Lava Hound,3,6,Golem,6,9,Night Witch,3,6,Clone,6,9,Elixir Golem,9,12,Skeletons,11,14,Wizard,9,12,Tornado,6,9,,,,,,,,,,,,,,,,,,,,,,,,,,,,,,,,#LP8PLVJCU,RS たぁ,7011,3,#GL89PJ9C,CRL2022,16000170.0,Tesla,11,14,Rocket,9,12,The Log,3,6,Guards,6,9,Princess,3,6,Goblin Barrel,6,9,Valkyrie,9,12,Electro Spirit,11,14,,,,,,,,,,,,,,,,,,,,,,,,,,,,,,,
30,friendly,20220313T003825.000Z,,54000017,Master III,72000007,Friendly,,collection,#9G28ULYR,TRB Lucas,7011,1,#LJ2G2JVC,SomosTodos75,16000149.0,Tesla,11,14,Guards,6,9,Knight,11,14,Firecracker,11,14,Hog Rider,9,12,Royal Delivery,11,14,Earthquake,9,12,Electro Spirit,11,14,,,,,,,,,,,,,,,,,,,,,,,,,,,,,,,,#J2G29PRY,CMG DROKSBEEL,6600,0,#P9GRQ89P,Clanpeyo,16000099.0,Lightning,6,9,Skeleton King,1,4,Fisherman,3,6,Electro Spirit,11,14,Royal Giant,11,14,Musketeer,9,12,Skeleton Army,6,9,Barbarian Barrel,6,9,,,,,,,,,,,,,,,,,,,,,,,,,,,,,,,
31,friendly,20220313T001053.000Z,,54000017,Master III,72000007,Friendly,,collection,#9G28ULYR,TRB Lucas,7011,1,#LJ2G2JVC,SomosTodos75,16000149.0,Valkyrie,9,12,Goblin Barrel,6,9,Dart Goblin,9,12,Fire Spirit,11,14,Skeletons,11,14,Inferno Tower,9,12,Rocket,9,12,The Log,3,6,,,,,,,,,,,,,,,,,,,,,,,,,,,,,,,,#J2G29PRY,CMG DROKSBEEL,6600,0,#P9GRQ89P,Clanpeyo,16000099.0,Lava Hound,3,6,Skeleton Dragons,11,14,Flying Machine,9,12,Arrows,11,14,Guards,6,9,Miner,3,6,Tombstone,9,12,Inferno Dragon,3,6,,,,,,,,,,,,,,,,,,,,,,,,,,,,,,,
32,friendly,20220313T000011.000Z,,54000018,Champion,72000007,Friendly,,collection,#9G28ULYR,TRB Lucas,7011,0,#LJ2G2JVC,SomosTodos75,16000149.0,Mega Knight,3,6,Giant Snowball,11,14,Arrows,11,14,Inferno Dragon,3,6,Zappies,9,12,Tombstone,9,12,Skeleton King,1,4,Graveyard,3,6,,,,,,,,,,,,,,,,,,,,,,,,,,,,,,,,#J2G29PRY,CMG DROKSBEEL,6600,1,#P9GRQ89P,Clanpeyo,16000099.0,Hog Rider,9,12,Valkyrie,9,12,Fire Spirit,11,14,Earthquake,9,12,Archer Queen,1,4,Bomb Tower,9,12,Skeletons,11,14,The Log,3,6,,,,,,,,,,,,,,,,,,,,,,,,,,,,,,,
33,friendly,20220312T233027.000Z,,54000017,Master III,72000007,Friendly,,collection,#9G28ULYR,TRB Lucas,7011,1,#LJ2G2JVC,SomosTodos75,16000149.0,Wall Breakers,6,9,Inferno Tower,9,12,Electro Spirit,11,14,Guards,6,9,Dart Goblin,9,12,Fireball,9,12,Valkyrie,9,12,Goblin Drill,6,9,,,,,,,,,,,,,,,,,,,,,,,,,,,,,,,,#RCCUJJCC,Inoraj,6877,0,#82Q0VRRU,Cthulhu eSports,16000028.0,Archer Queen,1,4,Bandit,3,6,Barbarian Barrel,6,9,Electro Spirit,11,14,Fireball,9,12,Mega Knight,3,6,Ram Rider,3,6,Royal Ghost,3,6,,,,,,,,,,,,,,,,,,,,,,,,,,,,,,,
34,friendly,20220312T232401.000Z,,54000018,Champion,72000007,Friendly,,collection,#9G28ULYR,TRB Lucas,7011,1,#LJ2G2JVC,SomosTodos75,16000149.0,Archer Queen,1,4,Earthquake,9,12,Royal Delivery,11,14,Cannon,11,14,The Log,3,6,Fire Spirit,11,14,Skeletons,11,14,Royal Hogs,9,12,,,,,,,,,,,,,,,,,,,,,,,,,,,,,,,,#RCCUJJCC,Inoraj,6877,0,#82Q0VRRU,Cthulhu eSports,16000028.0,Sparky,3,6,Goblin Giant,6,9,Rage,6,9,Mini P.E.K.K.A,9,12,Dark Prince,6,9,Zappies,9,12,Minions,11,14,Zap,11,14,,,,,,,,,,,,,,,,,,,,,,,,,,,,,,,
35,friendly,20220312T225659.000Z,,54000015,Master I,72000007,Friendly,,collection,#9G28ULYR,TRB Lucas,7011,2,#LJ2G2JVC,SomosTodos75,16000149.0,Archer Queen,1,4,Earthquake,9,12,Royal Delivery,11,14,Cannon,11,14,The Log,3,6,Electro Spirit,11,14,Bats,11,14,Royal Hogs,9,12,,,,,,,,,,,,,,,,,,,,,,,,,,,,,,,,#8GRCGCCQC,✨YanouN™✨,6181,0,,,,Lava Hound,3,6,Flying Machine,9,12,Skeleton King,1,4,Miner,3,6,Mega Minion,9,12,Skeleton Dragons,11,14,Tombstone,9,12,Arrows,11,14,,,,,,,,,,,,,,,,,,,,,,,,,,,,,,,
36,friendly,20220312T225132.000Z,,54000018,Champion,72000007,Friendly,,collection,#9G28ULYR,TRB Lucas,7011,1,#LJ2G2JVC,SomosTodos75,16000149.0,Wall Breakers,6,9,Inferno Tower,9,12,Fire Spirit,11,14,Guards,6,9,Dart Goblin,9,12,Fireball,9,12,Valkyrie,9,12,Goblin Drill,6,9,,,,,,,,,,,,,,,,,,,,,,,,,,,,,,,,#8GRCGCCQC,✨YanouN™✨,6181,0,,,,Archer Queen,1,4,Bandit,3,6,Barbarian Barrel,6,9,Electro Spirit,11,14,Lightning,6,9,Mega Knight,3,6,Ram Rider,3,6,Royal Ghost,3,6,,,,,,,,,,,,,,,,,,,,,,,,,,,,,,,
37,friendly,20220312T222317.000Z,,54000014,Challenger III,72000007,Friendly,,collection,#9G28ULYR,TRB Lucas,7011,1,#LJ2G2JVC,SomosTodos75,16000149.0,Mega Knight,3,6,Ram Rider,3,6,Lightning,6,9,Royal Ghost,3,6,Mother Witch,3,6,Barbarian Barrel,6,9,Bandit,3,6,Zap,11,14,,,,,,,,,,,,,,,,,,,,,,,,,,,,,,,,#J9URJR90,Joske❤wHezzy,5723,0,,,,Royal Hogs,9,12,Fire Spirit,11,14,Skeletons,11,14,Giant Snowball,11,14,Earthquake,9,12,Cannon,11,14,Royal Delivery,11,14,Musketeer,9,12,,,,,,,,,,,,,,,,,,,,,,,,,,,,,,,
38,friendly,20220312T221616.000Z,,54000014,Challenger III,72000007,Friendly,,collection,#9G28ULYR,TRB Lucas,7011,0,#LJ2G2JVC,SomosTodos75,16000149.0,Valkyrie,9,12,Fire Spirit,11,14,Miner,3,6,Mortar,11,14,Musketeer,9,12,Giant Snowball,11,14,Cannon Cart,6,9,Poison,6,9,,,,,,,,,,,,,,,,,,,,,,,,,,,,,,,,#J9URJR90,Joske❤wHezzy,5723,1,,,,Miner,3,6,Bomb Tower,9,12,Wall Breakers,6,9,The Log,3,6,Bats,11,14,Spear Goblins,11,14,Fireball,9,12,Valkyrie,9,12,,,,,,,,,,,,,,,,,,,,,,,,,,,,,,,
39,friendly,20220312T221007.000Z,,54000018,Champion,72000007,Friendly,,collection,#9G28ULYR,TRB Lucas,7011,1,#LJ2G2JVC,SomosTodos75,16000149.0,Royal Hogs,9,12,Electro Spirit,11,14,Skeletons,11,14,The Log,3,6,Earthquake,9,12,Cannon,11,14,Royal Delivery,11,14,Archer Queen,1,4,,,,,,,,,,,,,,,,,,,,,,,,,,,,,,,,#J9URJR90,Joske❤wHezzy,5723,0,,,,Heal Spirit,9,12,Elite Barbarians,11,14,Archer Queen,1,4,Magic Archer,3,6,Battle Ram,9,12,Bandit,3,6,Royal Ghost,3,6,Barbarian Barrel,6,9,,,,,,,,,,,,,,,,,,,,,,,,,,,,,,,
40,friendly,20220312T213446.000Z,,54000018,Champion,72000007,Friendly,,collection,#9G28ULYR,TRB Lucas,7011,1,#LJ2G2JVC,SomosTodos75,16000149.0,Knight,11,14,Bats,11,14,Firecracker,11,14,Electro Spirit,11,14,Hog Rider,9,12,Earthquake,9,12,Tesla,11,14,The Log,3,6,,,,,,,,,,,,,,,,,,,,,,,,,,,,,,,,#Q2JRCLGJ,CAPGUN,6600,0,,,,Lightning,6,9,Baby Dragon,6,9,Clone,6,9,Lumberjack,3,6,Flying Machine,9,12,Heal Spirit,9,12,Bats,11,14,Lava Hound,3,6,,,,,,,,,,,,,,,,,,,,,,,,,,,,,,,
41,friendly,20220312T212725.000Z,,54000018,Champion,72000007,Friendly,,collection,#9G28ULYR,TRB Lucas,7011,1,#LJ2G2JVC,SomosTodos75,16000149.0,Valkyrie,9,12,Mortar,11,14,Zappies,9,12,Graveyard,3,6,Poison,6,9,Inferno Dragon,3,6,Giant Snowball,11,14,Skeletons,11,14,,,,,,,,,,,,,,,,,,,,,,,,,,,,,,,,#Q2JRCLGJ,CAPGUN,6600,0,,,,Graveyard,3,6,Giant Snowball,11,14,Skeleton Army,6,9,Arrows,11,14,Archer Queen,1,4,Dark Prince,6,9,Minions,11,14,Giant,9,12,,,,,,,,,,,,,,,,,,,,,,,,,,,,,,,
42,friendly,20220312T205450.000Z,,54000017,Master III,72000007,Friendly,,collection,#9G28ULYR,TRB Lucas,7011,1,#YC2Y8YYJ,HoMe Of TrYhArD,16000175.0,Miner,3,6,Giant Snowball,11,14,Ice Spirit,11,14,Mortar,11,14,Bats,11,14,Valkyrie,9,12,Musketeer,9,12,Poison,6,9,,,,,,,,,,,,,,,,,,,,,,,,,,,,,,,,#QRYJ8VJJQ,でぃばいん l しまゆ〜,6629,0,#PYGQQC2P,Divine Saga,16000043.0,Mortar,11,14,Valkyrie,9,12,Firecracker,11,14,Fireball,9,12,Skeleton Barrel,11,14,Guards,6,9,Spear Goblins,11,14,The Log,3,6,,,,,,,,,,,,,,,,,,,,,,,,,,,,,,,
43,friendly,20220312T204813.000Z,,54000017,Master III,72000007,Friendly,,collection,#9G28ULYR,TRB Lucas,7011,1,,,,Archer Queen,1,4,Skeletons,11,14,Fire Spirit,11,14,The Log,3,6,Earthquake,9,12,Bomb Tower,9,12,Knight,11,14,Hog Rider,9,12,,,,,,,,,,,,,,,,,,,,,,,,,,,,,,,,#QRYJ8VJJQ,でぃばいん l しまゆ〜,6629,0,#PYGQQC2P,Divine Saga,16000043.0,Balloon,6,9,Bowler,6,9,Freeze,6,9,Tornado,6,9,Lumberjack,3,6,Inferno Dragon,3,6,Baby Dragon,6,9,Barbarian Barrel,6,9,,,,,,,,,,,,,,,,,,,,,,,,,,,,,,,
44,friendly,20220312T194033.000Z,,54000018,Champion,72000007,Friendly,,collection,#9G28ULYR,TRB Lucas,7011,1,#LL9QPGG2,ClashClowns,16000175.0,Wall Breakers,6,9,Inferno Tower,9,12,Fire Spirit,11,14,Guards,6,9,Dart Goblin,9,12,Fireball,9,12,Valkyrie,9,12,Goblin Drill,6,9,,,,,,,,,,,,,,,,,,,,,,,,,,,,,,,,#G9YV9GR8R,Mohamed Light,7217,0,#G9QU8V8C,YT: Osama CR,16000020.0,Goblin Giant,6,9,Electro Wizard,3,6,Heal Spirit,9,12,Dark Prince,6,9,Elite Barbarians,11,14,Sparky,3,6,Zap,11,14,Rage,6,9,,,,,,,,,,,,,,,,,,,,,,,,,,,,,,,
45,friendly,20220312T193110.000Z,,54000018,Champion,72000007,Friendly,,collection,#9G28ULYR,TRB Lucas,7011,1,#LL9QPGG2,ClashClowns,16000175.0,Magic Archer,3,6,Royal Ghost,3,6,Elite Barbarians,11,14,Archer Queen,1,4,Battle Ram,9,12,Heal Spirit,9,12,Barbarian Barrel,6,9,Bandit,3,6,,,,,,,,,,,,,,,,,,,,,,,,,,,,,,,,#G9YV9GR8R,Mohamed Light,7217,2,#9C2YR8UV,Q8Team EG,16000003.0,Lava Hound,3,6,Skeleton King,1,4,Mega Minion,9,12,Tombstone,9,12,Miner,3,6,Arrows,11,14,Skeleton Dragons,11,14,Flying Machine,9,12,,,,,,,,,,,,,,,,,,,,,,,,,,,,,,,
46,friendly,20220312T192546.000Z,,54000018,Champion,72000007,Friendly,,collection,#9G28ULYR,TRB Lucas,7011,0,#LL9QPGG2,ClashClowns,16000175.0,Royal Giant,11,14,Mother Witch,3,6,Tombstone,9,12,Zappies,9,12,Skeleton King,1,4,Fisherman,3,6,Lightning,6,9,The Log,3,6,,,,,,,,,,,,,,,,,,,,,,,,,,,,,,,,#G9YV9GR8R,Mohamed Light,7217,1,#9C2YR8UV,Q8Team EG,16000003.0,Rascals,11,14,The Log,3,6,Princess,3,6,Inferno Dragon,3,6,Dark Prince,6,9,Goblin Barrel,6,9,Rocket,9,12,Spear Goblins,11,14,,,,,,,,,,,,,,,,,,,,,,,,,,,,,,,
47,friendly,20220312T192015.000Z,,54000018,Champion,72000007,Friendly,,collection,#9G28ULYR,TRB Lucas,7011,1,#LL9QPGG2,ClashClowns,16000175.0,Skeletons,11,14,The Log,3,6,Ice Golem,9,12,Ice Spirit,11,14,Cannon,11,14,Musketeer,9,12,Hog Rider,9,12,Fireball,9,12,,,,,,,,,,,,,,,,,,,,,,,,,,,,,,,,#G9YV9GR8R,Mohamed Light,7217,0,#9C2YR8UV,Q8Team EG,16000003.0,Barbarian Barrel,6,9,Royal Ghost,3,6,Golden Knight,1,4,Cannon Cart,6,9,Magic Archer,3,6,Bandit,3,6,Electro Wizard,3,6,Goblin Drill,6,9,,,,,,,,,,,,,,,,,,,,,,,,,,,,,,,
48,PvP,20220312T172108.000Z,,54000041,Legendary Arena,72000201,Ladder_CrownRush,,collection,#9G28ULYR,TRB Lucas,6984,1,#LL9QPGG2,ClashClowns,16000175.0,Wall Breakers,9,9,Inferno Tower,12,12,Fire Spirit,14,14,Guards,9,9,Dart Goblin,12,12,Fireball,12,12,Valkyrie,12,12,Goblin Drill,9,9,,,,,,,,,,,,,,,,,,,,,,,,,,,,,,,,#UQJ9LUP,Itachi uchiha⛔,6955,0,#9LC2P9YV,Nova I arg,16000072.0,Golem,9,9,Elite Barbarians,14,14,Night Witch,6,6,Lightning,9,9,Tornado,9,9,Giant Snowball,14,14,Bomber,14,14,Archer Queen,4,4,,,,,,,,,,,,,,,,,,,,,,,,,,,,,,,
49,PvP,20220312T162250.000Z,,54000041,Legendary Arena,72000201,Ladder_CrownRush,,collection,#9G28ULYR,TRB Lucas,6953,1,#LL9QPGG2,ClashClowns,16000175.0,Wall Breakers,9,9,Inferno Tower,12,12,Fire Spirit,14,14,Guards,9,9,Dart Goblin,12,12,Fireball,12,12,Valkyrie,12,12,Goblin Drill,9,9,,,,,,,,,,,,,,,,,,,,,,,,,,,,,,,,#9YLCLUYVU,sajan❤️amisha,6971,0,#9QJ82PPJ,hamro clan,16000044.0,Giant,12,12,Dark Prince,9,9,Barbarians,14,14,Zap,14,14,Graveyard,6,6,Electro Wizard,6,6,Mega Minion,12,12,Arrows,14,14,,,,,,,,,,,,,,,,,,,,,,,,,,,,,,,
50,PvP,20220313T200029.000Z,,54000041,Legendary Arena,72000201,Ladder_CrownRush,,collection,#G9YV9GR8R,Mohamed Light,7265,1,#9C2YR8UV,Q8Team EG,16000003.0,Skeleton King,4,4,Inferno Dragon,6,6,Tornado,9,9,Electro Giant,9,9,Ice Wizard,6,6,Barbarian Barrel,9,9,Earthquake,12,12,Tombstone,12,12,,,,,,,,,,,,,,,,,,,,,,,,,,,,,,,,#8CVJLP08,Vini™️,7220,0,#Q8QQVRYJ,YT Vini™️CR,16000058.0,Archer Queen,4,4,Fireball,12,12,The Log,6,6,Miner,6,6,Mortar,14,14,Valkyrie,12,12,Skeletons,14,14,Fire Spirit,14,14,,,,,,,,,,,,,,,,,,,,,,,,,,,,,,,
51,PvP,20220313T195534.000Z,,54000041,Legendary Arena,72000201,Ladder_CrownRush,,collection,#G9YV9GR8R,Mohamed Light,7237,1,#9C2YR8UV,Q8Team EG,16000003.0,Skeleton King,4,4,Inferno Dragon,6,6,Tornado,9,9,Electro Giant,9,9,Ice Wizard,6,6,Barbarian Barrel,9,9,Earthquake,12,12,Tombstone,12,12,,,,,,,,,,,,,,,,,,,,,,,,,,,,,,,,#JPG8PP2U,善は急げ,7214,0,#GCQYJP,梅☆弁当,16000054.0,Sparky,6,6,Tornado,9,9,Goblin Barrel,9,9,Ice Golem,12,12,Giant,12,12,Spear Goblins,14,14,Giant Snowball,14,14,Minions,14,14,,,,,,,,,,,,,,,,,,,,,,,,,,,,,,,
52,PvP,20220313T195204.000Z,,54000041,Legendary Arena,72000201,Ladder_CrownRush,,collection,#G9YV9GR8R,Mohamed Light,7271,0,#9C2YR8UV,Q8Team EG,16000003.0,Mega Knight,6,6,Ram Rider,6,6,Lightning,9,9,Giant Snowball,14,14,Zappies,12,12,Tombstone,12,12,Skeleton King,4,4,Cannon Cart,9,9,,,,,,,,,,,,,,,,,,,,,,,,,,,,,,,,#2LV9VRY8G,Kodigoⓒʀ,7224,1,#YGRV2CVG,Twitch Kodigo,16000040.0,Earthquake,12,12,Bomb Tower,12,12,Archer Queen,4,4,Hog Rider,12,12,The Log,6,6,Valkyrie,12,12,Fire Spirit,14,14,Skeletons,14,14,,,,,,,,,,,,,,,,,,,,,,,,,,,,,,,
53,PvP,20220313T194643.000Z,,54000041,Legendary Arena,72000201,Ladder_CrownRush,,collection,#G9YV9GR8R,Mohamed Light,7304,0,#9C2YR8UV,Q8Team EG,16000003.0,Barbarian Barrel,9,9,Royal Ghost,6,6,Golden Knight,4,4,Cannon Cart,9,9,Magic Archer,6,6,Tornado,9,9,Electro Wizard,6,6,Goblin Drill,9,9,,,,,,,,,,,,,,,,,,,,,,,,,,,,,,,,#PU0GY8Q9,CHN丨Jetoff✨,7267,1,#L0YJ02YL,硬中华,16000014.0,Ice Golem,12,12,Hog Rider,12,12,Earthquake,12,12,Fire Spirit,14,14,Cannon,14,14,Musketeer,12,12,Skeletons,14,14,The Log,6,6,,,,,,,,,,,,,,,,,,,,,,,,,,,,,,,
54,PvP,20220313T171601.000Z,,54000041,Legendary Arena,72000201,Ladder_CrownRush,,collection,#G9YV9GR8R,Mohamed Light,7279,1,#9C2YR8UV,Q8Team EG,16000003.0,Zappies,12,12,Flying Machine,12,12,Royal Hogs,12,12,Dark Prince,9,9,Arrows,14,14,Goblin Cage,12,12,Electro Spirit,14,14,Royal Recruits,14,14,,,,,,,,,,,,,,,,,,,,,,,,,,,,,,,,#2RRJVC29G,ken,7221,0,#LUR0PRR2,CowCowFinance,16000138.0,P.E.K.K.A,9,9,Ram Rider,6,6,Bandit,6,6,Barbarian Barrel,9,9,Baby Dragon,9,9,Electro Wizard,6,6,Lightning,9,9,Giant Snowball,14,14,,,,,,,,,,,,,,,,,,,,,,,,,,,,,,,
55,PvP,20220313T171102.000Z,,54000041,Legendary Arena,72000201,Ladder_CrownRush,,collection,#G9YV9GR8R,Mohamed Light,7251,1,#9C2YR8UV,Q8Team EG,16000003.0,Zappies,12,12,Flying Machine,12,12,Royal Hogs,12,12,Dark Prince,9,9,Arrows,14,14,Goblin Cage,12,12,Electro Spirit,14,14,Royal Recruits,14,14,,,,,,,,,,,,,,,,,,,,,,,,,,,,,,,,#2P28CV9UV,jacob,7233,0,#PVJG8YQQ,Andy is back,16000043.0,P.E.K.K.A,9,9,Dark Prince,9,9,Barbarian Barrel,9,9,Baby Dragon,9,9,Freeze,9,9,Graveyard,6,6,Tornado,9,9,Electro Wizard,6,6,,,,,,,,,,,,,,,,,,,,,,,,,,,,,,,
56,PvP,20220313T170254.000Z,,54000041,Legendary Arena,72000201,Ladder_CrownRush,,collection,#G9YV9GR8R,Mohamed Light,7289,1,#9C2YR8UV,Q8Team EG,16000003.0,Zappies,12,12,Flying Machine,12,12,Royal Hogs,12,12,Dark Prince,9,9,Arrows,14,14,Goblin Cage,12,12,Electro Spirit,14,14,Royal Recruits,14,14,,,,,,,,,,,,,,,,,,,,,,,,,,,,,,,,#9VVQ8R9G8,İMPARATOR ORHAN,7191,2,#LRJQJC0Q,ATAK#DEFANS ™,16000030.0,Lava Hound,6,6,Lumberjack,6,6,Baby Dragon,9,9,Giant Snowball,14,14,Skeleton Army,9,9,Clone,9,9,Bats,14,14,Flying Machine,12,12,,,,,,,,,,,,,,,,,,,,,,,,,,,,,,,
57,PvP,20220313T165519.000Z,,54000041,Legendary Arena,72000201,Ladder_CrownRush,,collection,#G9YV9GR8R,Mohamed Light,7330,0,#9C2YR8UV,Q8Team EG,16000003.0,Archer Queen,4,4,Flying Machine,12,12,Royal Hogs,12,12,Dark Prince,9,9,Arrows,14,14,Tombstone,12,12,Electro Spirit,14,14,Royal Recruits,14,14,,,,,,,,,,,,,,,,,,,,,,,,,,,,,,,,#20GJJPU9,Over かずと❦,7183,1,#Y89VR8JL,Juvenile,16000040.0,X-Bow,9,9,Valkyrie,12,12,Archer Queen,4,4,Tesla,14,14,The Log,6,6,Rocket,12,12,Tornado,8,9,Skeletons,14,14,,,,,,,,,,,,,,,,,,,,,,,,,,,,,,,
58,PvP,20220313T164941.000Z,,54000041,Legendary Arena,72000201,Ladder_CrownRush,,collection,#G9YV9GR8R,Mohamed Light,7301,1,#9C2YR8UV,Q8Team EG,16000003.0,Archer Queen,4,4,Flying Machine,12,12,Royal Hogs,12,12,Dark Prince,9,9,Arrows,14,14,Tombstone,12,12,Electro Spirit,14,14,Royal Recruits,14,14,,,,,,,,,,,,,,,,,,,,,,,,,,,,,,,,#9Q8UUYJRL,GOD SHOTE LAVA,7299,0,#GPUG2PQP,GOD NAKASHU,16000040.0,Balloon,9,9,Zap,14,14,Fireball,12,12,Tombstone,12,12,Valkyrie,12,12,Mega Minion,12,12,Skeleton Dragons,14,14,Lava Hound,6,6,,,,,,,,,,,,,,,,,,,,,,,,,,,,,,,
59,PvP,20220313T164400.000Z,,54000041,Legendary Arena,72000201,Ladder_CrownRush,,collection,#G9YV9GR8R,Mohamed Light,7276,1,#9C2YR8UV,Q8Team EG,16000003.0,Archer Queen,4,4,Flying Machine,12,12,Royal Hogs,12,12,Dark Prince,9,9,Arrows,14,14,Tombstone,12,12,Electro Spirit,14,14,Royal Recruits,14,14,,,,,,,,,,,,,,,,,,,,,,,,,,,,,,,,#9JYVLYVJ9,John™ ✨,7223,0,#LCRR20PV,SK / BRO,16000002.0,Tornado,9,9,Barbarian Barrel,9,9,Freeze,9,9,Electro Wizard,6,6,P.E.K.K.A,9,9,Balloon,9,9,Baby Dragon,9,9,Lumberjack,6,6,,,,,,,,,,,,,,,,,,,,,,,,,,,,,,,
60,PvP,20220313T163842.000Z,,54000041,Legendary Arena,72000201,Ladder_CrownRush,,collection,#G9YV9GR8R,Mohamed Light,7247,1,#9C2YR8UV,Q8Team EG,16000003.0,Archer Queen,4,4,Flying Machine,12,12,Royal Hogs,12,12,Dark Prince,9,9,Arrows,14,14,Tombstone,12,12,Electro Spirit,14,14,Royal Recruits,14,14,,,,,,,,,,,,,,,,,,,,,,,,,,,,,,,,#9Y8VYLQU0,メリオダス⚔️,7242,0,#L0VUCJRY,Mementmori,16000002.0,Dart Goblin,12,12,The Log,6,6,Princess,6,6,Guards,9,9,Goblin Barrel,9,9,Prince,9,9,Rascals,14,14,Rocket,12,12,,,,,,,,,,,,,,,,,,,,,,,,,,,,,,,
61,challenge,20220313T135238.000Z,,54000041,Legendary Arena,72000291,Challenge_AllCards_EventDeck,,eventDeck,#G9YV9GR8R,Mohamed Light,7247,1,#9C2YR8UV,Q8Team EG,16000003.0,Knight,11,14,Royal Delivery,11,14,Hog Rider,9,12,Skeletons,11,14,The Log,3,6,Archer Queen,1,4,Earthquake,9,12,Tesla,11,14,,,,,,,,,,,,,,,,,,,,,,,,,,,,,,,,#G029CV9G,Jandauletoff A,6200,0,#P2P2Y880,! ShocK-13 !,16000175.0,Ice Golem,9,12,Hog Rider,9,12,Fire Spirit,11,14,Earthquake,9,12,Skeletons,11,14,Musketeer,9,12,Cannon,11,14,The Log,3,6,,,,,,,,,,,,,,,,,,,,,,,,,,,,,,,
62,challenge,20220313T110150.000Z,,54000041,Legendary Arena,72000291,Challenge_AllCards_EventDeck,,eventDeck,#G9YV9GR8R,Mohamed Light,7247,1,#9C2YR8UV,Q8Team EG,16000003.0,Knight,11,14,Royal Delivery,11,14,Hog Rider,9,12,Skeletons,11,14,The Log,3,6,Archer Queen,1,4,Earthquake,9,12,Tesla,11,14,,,,,,,,,,,,,,,,,,,,,,,,,,,,,,,,#YQY0GQQU,[H] Axel Coria,6747,0,,,,Archer Queen,1,4,Royal Ghost,3,6,Bandit,3,6,Magic Archer,3,6,Heal Spirit,9,12,Battle Ram,9,12,Elite Barbarians,11,14,The Log,3,6,,,,,,,,,,,,,,,,,,,,,,,,,,,,,,,
63,challenge,20220313T105533.000Z,,54000041,Legendary Arena,72000291,Challenge_AllCards_EventDeck,,eventDeck,#G9YV9GR8R,Mohamed Light,7247,1,#9C2YR8UV,Q8Team EG,16000003.0,Knight,11,14,Royal Delivery,11,14,Hog Rider,9,12,Skeletons,11,14,The Log,3,6,Archer Queen,1,4,Earthquake,9,12,Tesla,11,14,,,,,,,,,,,,,,,,,,,,,,,,,,,,,,,,#RYUJCQYYP,watery,5312,0,#QJ2GJGGJ,厨艺交流中心,16000039.0,Mega Knight,3,6,Ram Rider,3,6,Lightning,6,9,Archer Queen,1,4,Inferno Dragon,3,6,Barbarian Barrel,6,9,Giant Snowball,11,14,Bandit,3,6,,,,,,,,,,,,,,,,,,,,,,,,,,,,,,,
64,challenge,20220313T104948.000Z,,54000041,Legendary Arena,72000291,Challenge_AllCards_EventDeck,,eventDeck,#G9YV9GR8R,Mohamed Light,7247,1,#9C2YR8UV,Q8Team EG,16000003.0,Knight,11,14,Royal Delivery,11,14,Hog Rider,9,12,Skeletons,11,14,The Log,3,6,Archer Queen,1,4,Earthquake,9,12,Tesla,11,14,,,,,,,,,,,,,,,,,,,,,,,,,,,,,,,,#CJL8QGPV0,StaR。,5008,0,#8U0GCVVR,stargazer,16000040.0,Balloon,6,9,Miner,3,6,The Log,3,6,Giant Snowball,11,14,Ice Golem,9,12,Hunter,6,9,Royal Delivery,11,14,Minions,11,14,,,,,,,,,,,,,,,,,,,,,,,,,,,,,,,
65,friendly,20220313T103925.000Z,,54000019,Grand Champion,72000007,Friendly,,collection,#G9YV9GR8R,Mohamed Light,7247,0,#9C2YR8UV,Q8Team EG,16000003.0,Lava Hound,3,6,Skeleton King,1,4,Mega Minion,9,12,Tombstone,9,12,Miner,3,6,Arrows,11,14,Skeleton Dragons,11,14,Flying Machine,9,12,,,,,,,,,,,,,,,,,,,,,,,,,,,,,,,,#Y022GRCJQ,CALjaDeArena:),7424,1,#QL02VCYL,CAL2022,16000128.0,Fire Spirit,11,14,Bomb Tower,9,12,Earthquake,9,12,Hog Rider,9,12,Knight,11,14,The Log,3,6,Archer Queen,1,4,Skeletons,11,14,,,,,,,,,,,,,,,,,,,,,,,,,,,,,,,
66,friendly,20220313T103511.000Z,,54000019,Grand Champion,72000007,Friendly,,collection,#G9YV9GR8R,Mohamed Light,7247,1,#9C2YR8UV,Q8Team EG,16000003.0,Mega Knight,3,6,Ram Rider,3,6,Lightning,6,9,Giant Snowball,11,14,Zappies,9,12,Tombstone,9,12,Skeleton King,1,4,Cannon Cart,6,9,,,,,,,,,,,,,,,,,,,,,,,,,,,,,,,,#Y022GRCJQ,CALjaDeArena:),7424,0,#QL02VCYL,CAL2022,16000128.0,Guards,6,9,Rocket,9,12,The Log,3,6,Goblin Barrel,6,9,Valkyrie,9,12,Princess,3,6,Electro Spirit,11,14,Tesla,11,14,,,,,,,,,,,,,,,,,,,,,,,,,,,,,,,
67,friendly,20220313T102850.000Z,,54000019,Grand Champion,72000007,Friendly,,collection,#G9YV9GR8R,Mohamed Light,7247,0,#9C2YR8UV,Q8Team EG,16000003.0,Giant Skeleton,6,9,Zappies,9,12,Barbarian Barrel,6,9,Earthquake,9,12,Royal Giant,11,14,Musketeer,9,12,Electro Spirit,11,14,Fisherman,3,6,,,,,,,,,,,,,,,,,,,,,,,,,,,,,,,,#Y022GRCJQ,CALjaDeArena:),7424,1,#QL02VCYL,CAL2022,16000128.0,Giant,9,12,The Log,3,6,Giant Snowball,11,14,Archer Queen,1,4,Bats,11,14,Mini P.E.K.K.A,9,12,Skeletons,11,14,Miner,3,6,,,,,,,,,,,,,,,,,,,,,,,,,,,,,,,
68,clanMate,20220312T233110.000Z,,54000017,Master III,72000007,Friendly,,collection,#G9YV9GR8R,Mohamed Light,7247,1,#LJLRC9R0,..,16000005.0,Archer Queen,1,4,Flying Machine,9,12,Royal Hogs,9,12,Dark Prince,6,9,Arrows,11,14,Tombstone,9,12,Electro Spirit,11,14,Royal Recruits,11,14,,,,,,,,,,,,,,,,,,,,,,,,,,,,,,,,#9CPCC890,adriel,6727,0,#LJLRC9R0,..,16000005.0,Magic Archer,3,6,Golden Knight,1,4,Tornado,6,9,Barbarian Barrel,6,9,Cannon Cart,6,9,Goblin Drill,6,9,Electro Wizard,3,6,Royal Ghost,3,6,,,,,,,,,,,,,,,,,,,,,,,,,,,,,,,
69,clanMate,20220312T232616.000Z,,54000018,Champion,72000007,Friendly,,collection,#G9YV9GR8R,Mohamed Light,7247,1,#LJLRC9R0,..,16000005.0,Zappies,9,12,Ram Rider,3,6,Giant Snowball,11,14,Minions,11,14,Royal Ghost,3,6,Bandit,3,6,Lightning,6,9,Mega Knight,3,6,,,,,,,,,,,,,,,,,,,,,,,,,,,,,,,,#9CPCC890,adriel,6727,0,#LJLRC9R0,..,16000005.0,Hog Rider,9,12,Bomb Tower,9,12,The Log,3,6,Archer Queen,1,4,Skeletons,11,14,Fire Spirit,11,14,Valkyrie,9,12,Earthquake,9,12,,,,,,,,,,,,,,,,,,,,,,,,,,,,,,,
70,clanMate,20220312T232028.000Z,,54000017,Master III,72000007,Friendly,,collection,#G9YV9GR8R,Mohamed Light,7247,1,#LJLRC9R0,..,16000005.0,Bowler,6,9,Graveyard,3,6,Freeze,6,9,Ice Wizard,3,6,Valkyrie,9,12,Tornado,6,9,Inferno Dragon,3,6,Baby Dragon,6,9,,,,,,,,,,,,,,,,,,,,,,,,,,,,,,,,#9CPCC890,adriel,6727,0,#LJLRC9R0,..,16000005.0,Minion Horde,11,14,Fireball,9,12,Bats,11,14,Miner,3,6,Mortar,11,14,Skeleton King,1,4,Skeleton Army,6,9,Dart Goblin,9,12,,,,,,,,,,,,,,,,,,,,,,,,,,,,,,,
71,clanMate,20220312T231211.000Z,,54000017,Master III,72000007,Friendly,,collection,#G9YV9GR8R,Mohamed Light,7247,1,#LJLRC9R0,..,16000005.0,Princess,3,6,The Log,3,6,Spear Goblins,11,14,Fireball,9,12,Cannon Cart,6,9,Rascals,11,14,Goblin Barrel,6,9,Bandit,3,6,,,,,,,,,,,,,,,,,,,,,,,,,,,,,,,,#9CPCC890,adriel,6727,0,#LJLRC9R0,..,16000005.0,Electro Spirit,11,14,Tombstone,9,12,Lightning,6,9,Fisherman,3,6,Royal Giant,11,14,Hunter,6,9,Barbarian Barrel,6,9,Skeleton King,1,4,,,,,,,,,,,,,,,,,,,,,,,,,,,,,,,
72,clanMate,20220312T230431.000Z,,54000017,Master III,72000007,Friendly,,collection,#G9YV9GR8R,Mohamed Light,7247,1,#LJLRC9R0,..,16000005.0,Giant Skeleton,6,9,Zappies,9,12,Barbarian Barrel,6,9,Earthquake,9,12,Royal Giant,11,14,Musketeer,9,12,Electro Spirit,11,14,Fisherman,3,6,,,,,,,,,,,,,,,,,,,,,,,,,,,,,,,,#9CPCC890,adriel,6727,0,#LJLRC9R0,..,16000005.0,Mega Knight,3,6,Wall Breakers,6,9,Bats,11,14,Royal Ghost,3,6,Prince,6,9,Musketeer,9,12,Goblin Drill,6,9,Zap,11,14,,,,,,,,,,,,,,,,,,,,,,,,,,,,,,,
73,clanMate,20220312T225916.000Z,,54000017,Master III,72000007,Friendly,,collection,#G9YV9GR8R,Mohamed Light,7247,0,#LJLRC9R0,..,16000005.0,Minion Horde,11,14,Arrows,11,14,Bats,11,14,Miner,3,6,Skeleton King,1,4,Tesla,11,14,Skeleton Army,6,9,Dart Goblin,9,12,,,,,,,,,,,,,,,,,,,,,,,,,,,,,,,,#9CPCC890,adriel,6727,1,#LJLRC9R0,..,16000005.0,Knight,11,14,Fire Spirit,11,14,Guards,6,9,Miner,3,6,Archer Queen,1,4,Mortar,11,14,The Log,3,6,Fireball,9,12,,,,,,,,,,,,,,,,,,,,,,,,,,,,,,,
74,clanMate,20220312T225255.000Z,,54000018,Champion,72000007,Friendly,,collection,#G9YV9GR8R,Mohamed Light,7247,1,#LJLRC9R0,..,16000005.0,Knight,11,14,Fire Spirit,11,14,Skeletons,11,14,Miner,3,6,Archer Queen,1,4,Mortar,11,14,The Log,3,6,Fireball,9,12,,,,,,,,,,,,,,,,,,,,,,,,,,,,,,,,#9CPCC890,adriel,6727,0,#LJLRC9R0,..,16000005.0,Lava Hound,3,6,Miner,3,6,Arrows,11,14,Tombstone,9,12,Flying Machine,9,12,Skeleton Dragons,11,14,Mega Minion,9,12,Skeleton King,1,4,,,,,,,,,,,,,,,,,,,,,,,,,,,,,,,
75,challenge,20220314T002753.000Z,65000000.0,54000041,Legendary Arena,72000291,Challenge_AllCards_EventDeck,10.0,eventDeck,#PLCVY9,BIG Schwarzen,6600,0,#G0R9GJVQ,Stop War!,16000175.0,Knight,11,14,Bats,11,14,Skeletons,11,14,Fire Spirit,11,14,Giant Snowball,11,14,Dart Goblin,9,12,Goblin Drill,6,9,The Log,3,6,,,,,,,,,,,,,,,,,,,,,,,,,,,,,,,,#9CJUJGP98,XLA Kaneee,5164,1,#LJJU99C8,Ily bb,16000108.0,Ice Golem,9,12,Giant Snowball,11,14,Barbarian Barrel,6,9,Ram Rider,3,6,Magic Archer,3,6,Lumberjack,3,6,Bandit,3,6,Inferno Dragon,3,6,,,,,,,,,,,,,,,,,,,,,,,,,,,,,,,
76,challenge,20220314T002237.000Z,65000000.0,54000041,Legendary Arena,72000291,Challenge_AllCards_EventDeck,9.0,eventDeck,#PLCVY9,BIG Schwarzen,6600,1,#G0R9GJVQ,Stop War!,16000175.0,Knight,11,14,Bats,11,14,Skeletons,11,14,Fire Spirit,11,14,Giant Snowball,11,14,Dart Goblin,9,12,Goblin Drill,6,9,The Log,3,6,,,,,,,,,,,,,,,,,,,,,,,,,,,,,,,,#YJUC028L,jvrmartiiinez_,6856,0,#L9VRJ,Calalas España,16000175.0,Lava Hound,3,6,Miner,3,6,Skeleton Dragons,11,14,Mega Minion,9,12,Skeleton King,1,4,Tombstone,9,12,Arrows,11,14,Flying Machine,9,12,,,,,,,,,,,,,,,,,,,,,,,,,,,,,,,
77,challenge,20220314T001917.000Z,65000000.0,54000041,Legendary Arena,72000291,Challenge_AllCards_EventDeck,9.0,eventDeck,#PLCVY9,BIG Schwarzen,6600,0,#G0R9GJVQ,Stop War!,16000175.0,Knight,11,14,Bats,11,14,Skeletons,11,14,Fire Spirit,11,14,Giant Snowball,11,14,Dart Goblin,9,12,Goblin Drill,6,9,The Log,3,6,,,,,,,,,,,,,,,,,,,,,,,,,,,,,,,,#J8LPYGGP,Lyn♥️Arda,6127,1,#LRC29YY0,BetaGo,16000014.0,Electro Spirit,11,14,X-Bow,6,9,Archers,11,14,The Log,3,6,Skeletons,11,14,Knight,11,14,Tesla,11,14,Fireball,9,12,,,,,,,,,,,,,,,,,,,,,,,,,,,,,,,
78,challenge,20220314T001455.000Z,65000000.0,54000041,Legendary Arena,72000291,Challenge_AllCards_EventDeck,8.0,eventDeck,#PLCVY9,BIG Schwarzen,6600,1,#G0R9GJVQ,Stop War!,16000175.0,Knight,11,14,Bats,11,14,Skeletons,11,14,Fire Spirit,11,14,Giant Snowball,11,14,Dart Goblin,9,12,Goblin Drill,6,9,The Log,3,6,,,,,,,,,,,,,,,,,,,,,,,,,,,,,,,,#80UCU9C8Y,Fbk Xbow player,5721,0,#QU0JGRQU,BeaM BeaM,16000020.0,X-Bow,6,9,Tesla,11,14,Knight,11,14,The Log,3,6,Skeletons,11,14,Ice Spirit,11,14,Archer Queen,1,4,Fireball,9,12,,,,,,,,,,,,,,,,,,,,,,,,,,,,,,,
79,challenge,20220314T001059.000Z,65000000.0,54000041,Legendary Arena,72000291,Challenge_AllCards_EventDeck,8.0,eventDeck,#PLCVY9,BIG Schwarzen,6600,1,#G0R9GJVQ,Stop War!,16000175.0,Knight,11,14,Bats,11,14,Skeletons,11,14,Fire Spirit,11,14,Giant Snowball,11,14,Dart Goblin,9,12,Goblin Drill,6,9,The Log,3,6,,,,,,,,,,,,,,,,,,,,,,,,,,,,,,,,#JYYLCVLGP,Ka weabter,5273,2,#P0Q9UP80,乞丐,16000147.0,Mega Knight,3,6,Ram Rider,3,6,Giant Snowball,11,14,Barbarian Barrel,6,9,Poison,6,9,Inferno Dragon,3,6,Archer Queen,1,4,Bandit,3,6,,,,,,,,,,,,,,,,,,,,,,,,,,,,,,,
80,challenge,20220314T000551.000Z,65000000.0,54000041,Legendary Arena,72000291,Challenge_AllCards_EventDeck,7.0,eventDeck,#PLCVY9,BIG Schwarzen,6600,1,#G0R9GJVQ,Stop War!,16000175.0,Knight,11,14,Bats,11,14,Skeletons,11,14,Fire Spirit,11,14,Giant Snowball,11,14,Dart Goblin,9,12,Goblin Drill,6,9,The Log,3,6,,,,,,,,,,,,,,,,,,,,,,,,,,,,,,,,#R2LPGQCV8,kode,6111,0,#8UP8R9UY,pittu club,16000032.0,Bandit,3,6,Royal Ghost,3,6,Magic Archer,3,6,Archer Queen,1,4,Battle Ram,9,12,Heal Spirit,9,12,Elite Barbarians,11,14,The Log,3,6,,,,,,,,,,,,,,,,,,,,,,,,,,,,,,,
81,challenge,20220314T000240.000Z,65000000.0,54000041,Legendary Arena,72000291,Challenge_AllCards_EventDeck,6.0,eventDeck,#PLCVY9,BIG Schwarzen,6600,1,#G0R9GJVQ,Stop War!,16000175.0,Knight,11,14,Bats,11,14,Skeletons,11,14,Fire Spirit,11,14,Giant Snowball,11,14,Dart Goblin,9,12,Goblin Drill,6,9,The Log,3,6,,,,,,,,,,,,,,,,,,,,,,,,,,,,,,,,#Q98QQJRRY,-Jotaro-,5560,0,#LR9YUP8R,papagayo 2.0,16000029.0,Ram Rider,3,6,Electro Wizard,3,6,Dark Prince,6,9,P.E.K.K.A,6,9,Fireball,9,12,Bandit,3,6,Barbarian Barrel,6,9,Mother Witch,3,6,,,,,,,,,,,,,,,,,,,,,,,,,,,,,,,
82,challenge,20220313T235717.000Z,65000000.0,54000041,Legendary Arena,72000291,Challenge_AllCards_EventDeck,5.0,eventDeck,#PLCVY9,BIG Schwarzen,6600,1,#G0R9GJVQ,Stop War!,16000175.0,Knight,11,14,Bats,11,14,Skeletons,11,14,Fire Spirit,11,14,Giant Snowball,11,14,Dart Goblin,9,12,Goblin Drill,6,9,The Log,3,6,,,,,,,,,,,,,,,,,,,,,,,,,,,,,,,,#YVCVPLY,RubiOX,6015,0,#9LG9RU9L,Los Motta,16000044.0,Poison,6,9,Mega Minion,9,12,Graveyard,3,6,Barbarian Barrel,6,9,Skeleton King,1,4,Tombstone,9,12,Mega Knight,3,6,Electro Wizard,3,6,,,,,,,,,,,,,,,,,,,,,,,,,,,,,,,
83,challenge,20220313T235400.000Z,65000000.0,54000041,Legendary Arena,72000291,Challenge_AllCards_EventDeck,4.0,eventDeck,#PLCVY9,BIG Schwarzen,6600,1,#G0R9GJVQ,Stop War!,16000175.0,Knight,11,14,Bats,11,14,Skeletons,11,14,Fire Spirit,11,14,Giant Snowball,11,14,Dart Goblin,9,12,Goblin Drill,6,9,The Log,3,6,,,,,,,,,,,,,,,,,,,,,,,,,,,,,,,,#8CPLGC9V,Ghøst Gami ™,6200,0,#L2JCP2V,50maniacos,16000142.0,Electro Spirit,11,14,Lightning,6,9,Bandit,3,6,Royal Ghost,3,6,Mega Knight,3,6,Giant Snowball,11,14,Ram Rider,3,6,Archer Queen,1,4,,,,,,,,,,,,,,,,,,,,,,,,,,,,,,,
84,challenge,20220313T185828.000Z,65000000.0,54000041,Legendary Arena,72000291,Challenge_AllCards_EventDeck,3.0,eventDeck,#PLCVY9,BIG Schwarzen,6600,2,#G0R9GJVQ,Stop War!,16000175.0,Knight,11,14,Bats,11,14,Skeletons,11,14,Fire Spirit,11,14,Giant Snowball,11,14,Dart Goblin,9,12,Goblin Drill,6,9,The Log,3,6,,,,,,,,,,,,,,,,,,,,,,,,,,,,,,,,#CP820CQG,naser,5502,1,#8PRL8VGJ,Lethal CR Bros,16000168.0,Rage,6,9,Balloon,6,9,Zap,11,14,Executioner,6,9,Mini P.E.K.K.A,9,12,Fireball,9,12,Tornado,6,9,Valkyrie,9,12,,,,,,,,,,,,,,,,,,,,,,,,,,,,,,,
85,challenge,20220313T185443.000Z,65000000.0,54000041,Legendary Arena,72000291,Challenge_AllCards_EventDeck,2.0,eventDeck,#PLCVY9,BIG Schwarzen,6600,1,#G0R9GJVQ,Stop War!,16000175.0,Knight,11,14,Bats,11,14,Skeletons,11,14,Fire Spirit,11,14,Giant Snowball,11,14,Dart Goblin,9,12,Goblin Drill,6,9,The Log,3,6,,,,,,,,,,,,,,,,,,,,,,,,,,,,,,,,#P9YUQJRU,Sergio Díez,5524,0,#2LVCQG2,Valencians 100%,16000140.0,Baby Dragon,6,9,Valkyrie,9,12,Skeleton Barrel,11,14,The Log,3,6,Bowler,6,9,Mega Knight,3,6,Skeleton Army,6,9,Bats,11,14,,,,,,,,,,,,,,,,,,,,,,,,,,,,,,,
86,challenge,20220313T185131.000Z,65000000.0,54000041,Legendary Arena,72000291,Challenge_AllCards_EventDeck,1.0,eventDeck,#PLCVY9,BIG Schwarzen,6600,1,#G0R9GJVQ,Stop War!,16000175.0,Knight,11,14,Bats,11,14,Skeletons,11,14,Fire Spirit,11,14,Giant Snowball,11,14,Dart Goblin,9,12,Goblin Drill,6,9,The Log,3,6,,,,,,,,,,,,,,,,,,,,,,,,,,,,,,,,#8Q929RRV,_Boss of Kings_,5388,0,#2CLQQYPQ,BARRIGAS,16000159.0,Hog Rider,9,12,The Log,3,6,Zap,11,14,Sparky,3,6,Minions,11,14,Barbarians,11,14,Ice Wizard,3,6,Baby Dragon,6,9,,,,,,,,,,,,,,,,,,,,,,,,,,,,,,,
87,challenge,20220313T184740.000Z,65000000.0,54000041,Legendary Arena,72000291,Challenge_AllCards_EventDeck,0.0,eventDeck,#PLCVY9,BIG Schwarzen,6600,1,#G0R9GJVQ,Stop War!,16000175.0,Knight,11,14,Bats,11,14,Skeletons,11,14,Fire Spirit,11,14,Giant Snowball,11,14,Dart Goblin,9,12,Goblin Drill,6,9,The Log,3,6,,,,,,,,,,,,,,,,,,,,,,,,,,,,,,,,#8YLJ9JP0,MigueM9,6219,0,#20J20GC,ImPEKKAble,16000175.0,The Log,3,6,Valkyrie,9,12,Hog Rider,9,12,Electro Wizard,3,6,Tesla,11,14,P.E.K.K.A,6,9,Archer Queen,1,4,Lightning,6,9,,,,,,,,,,,,,,,,,,,,,,,,,,,,,,,
88,challenge,20220313T181351.000Z,65000000.0,54000041,Legendary Arena,72000291,Challenge_AllCards_EventDeck,11.0,eventDeck,#PLCVY9,BIG Schwarzen,6600,1,#G0R9GJVQ,Stop War!,16000175.0,Knight,11,14,Bats,11,14,Skeletons,11,14,Fire Spirit,11,14,Giant Snowball,11,14,Dart Goblin,9,12,Goblin Drill,6,9,The Log,3,6,,,,,,,,,,,,,,,,,,,,,,,,,,,,,,,,#G92C9J988,｢OLR™｣ ᴇʀɪᴄᴋ,6884,0,#9QUQ8ULR,OS LENDÁRIOS✌,16000044.0,Giant,9,12,Graveyard,3,6,Witch,6,9,Mini P.E.K.K.A,9,12,Skeleton Army,6,9,Giant Snowball,11,14,Arrows,11,14,Minions,11,14,,,,,,,,,,,,,,,,,,,,,,,,,,,,,,,
89,challenge,20220313T181007.000Z,65000000.0,54000041,Legendary Arena,72000291,Challenge_AllCards_EventDeck,10.0,eventDeck,#PLCVY9,BIG Schwarzen,6600,1,#G0R9GJVQ,Stop War!,16000175.0,Knight,11,14,Bats,11,14,Skeletons,11,14,Fire Spirit,11,14,Giant Snowball,11,14,Dart Goblin,9,12,Goblin Drill,6,9,The Log,3,6,,,,,,,,,,,,,,,,,,,,,,,,,,,,,,,,#2RUCVPUR,AlbertGod✨,5151,0,#QURQGGRG,✰Nuενo Iᴍᴘεʀіo✰,16000026.0,Skeleton Army,6,9,Cannon Cart,6,9,Bats,11,14,Mortar,11,14,Skeleton Barrel,11,14,Skeleton King,1,4,Fireball,9,12,Dart Goblin,9,12,,,,,,,,,,,,,,,,,,,,,,,,,,,,,,,
90,challenge,20220313T180543.000Z,65000000.0,54000041,Legendary Arena,72000291,Challenge_AllCards_EventDeck,9.0,eventDeck,#PLCVY9,BIG Schwarzen,6600,1,#G0R9GJVQ,Stop War!,16000175.0,Knight,11,14,Bats,11,14,Skeletons,11,14,Fire Spirit,11,14,Giant Snowball,11,14,Dart Goblin,9,12,Goblin Drill,6,9,The Log,3,6,,,,,,,,,,,,,,,,,,,,,,,,,,,,,,,,#Y00PQUP,☆LEGEND☆,5665,0,#2U98892Y,동농물장,16000128.0,Cannon,11,14,Hog Rider,9,12,Musketeer,9,12,Fireball,9,12,Skeletons,11,14,Fire Spirit,11,14,Ice Golem,9,12,The Log,3,6,,,,,,,,,,,,,,,,,,,,,,,,,,,,,,,
91,challenge,20220313T180028.000Z,65000000.0,54000041,Legendary Arena,72000291,Challenge_AllCards_EventDeck,8.0,eventDeck,#PLCVY9,BIG Schwarzen,6600,1,#G0R9GJVQ,Stop War!,16000175.0,Knight,11,14,Bats,11,14,Skeletons,11,14,Fire Spirit,11,14,Giant Snowball,11,14,Dart Goblin,9,12,Goblin Drill,6,9,The Log,3,6,,,,,,,,,,,,,,,,,,,,,,,,,,,,,,,,#2P9029JQG,Verengena,6167,0,#LRRPGQRL,Hi random,16000019.0,The Log,3,6,Skeletons,11,14,Cannon,11,14,Royal Delivery,11,14,Archer Queen,1,4,Fire Spirit,11,14,Earthquake,9,12,Royal Hogs,9,12,,,,,,,,,,,,,,,,,,,,,,,,,,,,,,,
92,challenge,20220313T174743.000Z,65000000.0,54000041,Legendary Arena,72000291,Challenge_AllCards_EventDeck,7.0,eventDeck,#PLCVY9,BIG Schwarzen,6600,1,#G0R9GJVQ,Stop War!,16000175.0,Knight,11,14,Bats,11,14,Skeletons,11,14,Fire Spirit,11,14,Giant Snowball,11,14,Dart Goblin,9,12,Goblin Drill,6,9,The Log,3,6,,,,,,,,,,,,,,,,,,,,,,,,,,,,,,,,#JV08C929J,cqui,4880,0,#LR8Q88CV,ntr pavel,16000120.0,Skeleton King,1,4,Zappies,9,12,Graveyard,3,6,Poison,6,9,Fisherman,3,6,Barbarian Barrel,6,9,Mega Minion,9,12,Skeleton Army,6,9,,,,,,,,,,,,,,,,,,,,,,,,,,,,,,,
93,challenge,20220313T174330.000Z,65000000.0,54000041,Legendary Arena,72000291,Challenge_AllCards_EventDeck,6.0,eventDeck,#PLCVY9,BIG Schwarzen,6600,1,#G0R9GJVQ,Stop War!,16000175.0,Knight,11,14,Bats,11,14,Skeletons,11,14,Fire Spirit,11,14,Giant Snowball,11,14,Dart Goblin,9,12,Goblin Drill,6,9,The Log,3,6,,,,,,,,,,,,,,,,,,,,,,,,,,,,,,,,#2CGJ2JUYU,ａｎｎｕａｒヅ﷽,6260,0,#29G9RP22,Somos Legion Pe,16000166.0,Bandit,3,6,Ram Rider,3,6,Inferno Dragon,3,6,Poison,6,9,Mega Knight,3,6,Electro Wizard,3,6,Barbarian Barrel,6,9,Goblin Cage,9,12,,,,,,,,,,,,,,,,,,,,,,,,,,,,,,,
94,challenge,20220313T172720.000Z,65000000.0,54000041,Legendary Arena,72000291,Challenge_AllCards_EventDeck,5.0,eventDeck,#PLCVY9,BIG Schwarzen,6600,1,#G0R9GJVQ,Stop War!,16000175.0,Knight,11,14,Bats,11,14,Skeletons,11,14,Fire Spirit,11,14,Giant Snowball,11,14,Dart Goblin,9,12,Goblin Drill,6,9,The Log,3,6,,,,,,,,,,,,,,,,,,,,,,,,,,,,,,,,#JCL8U9YC2,PARKA❤️Hog,4411,0,#LLRYG0CR,Antifurros,16000177.0,Graveyard,3,6,Valkyrie,9,12,Zappies,9,12,Inferno Dragon,3,6,Skeleton King,1,4,Arrows,11,14,Fireball,9,12,Tombstone,9,12,,,,,,,,,,,,,,,,,,,,,,,,,,,,,,,
95,challenge,20220313T172142.000Z,65000000.0,54000041,Legendary Arena,72000291,Challenge_AllCards_EventDeck,4.0,eventDeck,#PLCVY9,BIG Schwarzen,6600,3,#G0R9GJVQ,Stop War!,16000175.0,Knight,11,14,Bats,11,14,Skeletons,11,14,Fire Spirit,11,14,Giant Snowball,11,14,Dart Goblin,9,12,Goblin Drill,6,9,The Log,3,6,,,,,,,,,,,,,,,,,,,,,,,,,,,,,,,,#8CUYLG2PL,marcel:),5382,0,#2Y9Y092V,The breakers :v,16000024.0,Giant,9,12,Mini P.E.K.K.A,9,12,Arrows,11,14,Zap,11,14,Sparky,3,6,Skeleton Army,6,9,Bats,11,14,Minion Horde,11,14,,,,,,,,,,,,,,,,,,,,,,,,,,,,,,,
96,challenge,20220313T111259.000Z,65000000.0,54000041,Legendary Arena,72000291,Challenge_AllCards_EventDeck,3.0,eventDeck,#PLCVY9,BIG Schwarzen,6600,1,#G0R9GJVQ,Stop War!,16000175.0,Knight,11,14,Bats,11,14,Skeletons,11,14,Fire Spirit,11,14,Giant Snowball,11,14,Dart Goblin,9,12,Goblin Drill,6,9,The Log,3,6,,,,,,,,,,,,,,,,,,,,,,,,,,,,,,,,#229G2UY2,HoHo_LaMour24,6213,0,#2GUGP8P8,DARKSIDE,16000175.0,Electro Dragon,6,9,Electro Giant,6,9,Battle Healer,9,12,Heal Spirit,9,12,Electro Spirit,11,14,Tornado,6,9,Firecracker,11,14,Lightning,6,9,,,,,,,,,,,,,,,,,,,,,,,,,,,,,,,
97,challenge,20220313T110940.000Z,65000000.0,54000041,Legendary Arena,72000291,Challenge_AllCards_EventDeck,2.0,eventDeck,#PLCVY9,BIG Schwarzen,6600,1,#G0R9GJVQ,Stop War!,16000175.0,Knight,11,14,Bats,11,14,Skeletons,11,14,Fire Spirit,11,14,Giant Snowball,11,14,Dart Goblin,9,12,Goblin Drill,6,9,The Log,3,6,,,,,,,,,,,,,,,,,,,,,,,,,,,,,,,,#8JJLCLGP2,yuto,5538,0,#CQYGY,大日本帝国連合軍,16000069.0,The Log,3,6,Goblin Barrel,6,9,Princess,3,6,Skeleton Barrel,11,14,Knight,11,14,Dart Goblin,9,12,Skeleton Army,6,9,Bomb Tower,9,12,,,,,,,,,,,,,,,,,,,,,,,,,,,,,,,
98,challenge,20220313T110624.000Z,65000000.0,54000041,Legendary Arena,72000291,Challenge_AllCards_EventDeck,1.0,eventDeck,#PLCVY9,BIG Schwarzen,6600,1,#G0R9GJVQ,Stop War!,16000175.0,Knight,11,14,Bats,11,14,Skeletons,11,14,Fire Spirit,11,14,Giant Snowball,11,14,Dart Goblin,9,12,Goblin Drill,6,9,The Log,3,6,,,,,,,,,,,,,,,,,,,,,,,,,,,,,,,,#2GQJPQRR,⭐Danny⭐,5429,0,#YVRCJ9Y8,Plunderstück,16000171.0,Mega Knight,3,6,Giant Snowball,11,14,Archer Queen,1,4,Electro Spirit,11,14,Ram Rider,3,6,Bandit,3,6,Royal Ghost,3,6,Lightning,6,9,,,,,,,,,,,,,,,,,,,,,,,,,,,,,,,
99,challenge,20220313T110307.000Z,65000000.0,54000041,Legendary Arena,72000291,Challenge_AllCards_EventDeck,0.0,eventDeck,#PLCVY9,BIG Schwarzen,6600,2,#G0R9GJVQ,Stop War!,16000175.0,Knight,11,14,Bats,11,14,Skeletons,11,14,Fire Spirit,11,14,Giant Snowball,11,14,Dart Goblin,9,12,Goblin Drill,6,9,The Log,3,6,,,,,,,,,,,,,,,,,,,,,,,,,,,,,,,,#29JLCRQQJ,keskin,5330,0,#LRQJGYQC,Yavuz's babies,16000163.0,The Log,3,6,Musketeer,9,12,Hog Rider,9,12,Fireball,9,12,Skeletons,11,14,Ice Spirit,11,14,Cannon,11,14,Ice Golem,9,12,,,,,,,,,,,,,,,,,,,,,,,,,,,,,,,
100,friendly,20220313T164540.000Z,,54000017,Master III,72000007,Friendly,,collection,#R09228V,SK Morten,6820,0,#YUGJCLGU,SK Free2Play,16000044.0,Bats,11,14,Dart Goblin,9,12,Ice Spirit,11,14,Fireball,9,12,Goblin Barrel,6,9,Skeletons,11,14,Mini P.E.K.K.A,9,12,The Log,3,6,,,,,,,,,,,,,,,,,,,,,,,,,,,,,,,,#89RP2YVL0,[VTR] Ardentoas,6666,1,#LJV0JJLG,@VatraGaming,16000001.0,Lava Hound,3,6,Fireball,9,12,Skeleton Army,6,9,Bats,11,14,Flying Machine,9,12,Baby Dragon,6,9,Clone,6,9,Lumberjack,3,6,,,,,,,,,,,,,,,,,,,,,,,,,,,,,,,
101,friendly,20220313T163935.000Z,,54000017,Master III,72000007,Friendly,,collection,#R09228V,SK Morten,6820,0,#YUGJCLGU,SK Free2Play,16000044.0,Lava Hound,3,6,Skeleton King,1,4,Mega Minion,9,12,Tombstone,9,12,Miner,3,6,Arrows,11,14,Skeleton Dragons,11,14,Flying Machine,9,12,,,,,,,,,,,,,,,,,,,,,,,,,,,,,,,,#89RP2YVL0,[VTR] Ardentoas,6666,1,#LJV0JJLG,@VatraGaming,16000001.0,Lightning,6,9,Bandit,3,6,Archer Queen,1,4,Ram Rider,3,6,Giant Snowball,11,14,Mega Knight,3,6,Electro Spirit,11,14,Royal Ghost,3,6,,,,,,,,,,,,,,,,,,,,,,,,,,,,,,,
102,friendly,20220313T161121.000Z,,54000017,Master III,72000007,Friendly,,collection,#R09228V,SK Morten,6820,1,#YUGJCLGU,SK Free2Play,16000044.0,Mega Knight,3,6,Inferno Dragon,3,6,Lightning,6,9,Royal Ghost,3,6,Giant Snowball,11,14,Bandit,3,6,Ram Rider,3,6,Zappies,9,12,,,,,,,,,,,,,,,,,,,,,,,,,,,,,,,,#PL8YCR9UJ,CAL LordSeb:],6789,0,#L9VRJ,Calalas España,16000175.0,Archer Queen,1,4,Earthquake,9,12,Fire Spirit,11,14,Guards,6,9,Hog Rider,9,12,Ice Golem,9,12,Mini P.E.K.K.A,9,12,The Log,3,6,,,,,,,,,,,,,,,,,,,,,,,,,,,,,,,
103,friendly,20220313T160355.000Z,,54000017,Master III,72000007,Friendly,,collection,#R09228V,SK Morten,6820,1,#YUGJCLGU,SK Free2Play,16000044.0,Tesla,11,14,Archer Queen,1,4,The Log,3,6,Knight,11,14,Hog Rider,9,12,Earthquake,9,12,Skeletons,11,14,Royal Delivery,11,14,,,,,,,,,,,,,,,,,,,,,,,,,,,,,,,,#PL8YCR9UJ,CAL LordSeb:],6789,0,#L9VRJ,Calalas España,16000175.0,Arrows,11,14,Poison,6,9,Graveyard,3,6,Inferno Dragon,3,6,Skeleton King,1,4,Tombstone,9,12,Valkyrie,9,12,Zappies,9,12,,,,,,,,,,,,,,,,,,,,,,,,,,,,,,,
104,friendly,20220313T154633.000Z,,54000017,Master III,72000007,Friendly,,collection,#R09228V,SK Morten,6820,1,#YUGJCLGU,SK Free2Play,16000044.0,Hog Rider,9,12,Firecracker,11,14,The Log,3,6,Knight,11,14,Earthquake,9,12,Cannon,11,14,Skeletons,11,14,Royal Delivery,11,14,,,,,,,,,,,,,,,,,,,,,,,,,,,,,,,,#Q2JRCLGJ,CAPGUN,6600,0,,,,Valkyrie,9,12,Earthquake,9,12,Skeletons,11,14,Spear Goblins,11,14,The Log,3,6,Tornado,6,9,Mortar,11,14,Firecracker,11,14,,,,,,,,,,,,,,,,,,,,,,,,,,,,,,,
105,friendly,20220313T153615.000Z,,54000017,Master III,72000007,Friendly,,collection,#R09228V,SK Morten,6820,1,#YUGJCLGU,SK Free2Play,16000044.0,Graveyard,3,6,Arrows,11,14,Giant Snowball,11,14,Zappies,9,12,Tombstone,9,12,Bowler,6,9,Skeleton King,1,4,Inferno Dragon,3,6,,,,,,,,,,,,,,,,,,,,,,,,,,,,,,,,#Q2JRCLGJ,CAPGUN,6600,0,,,,Miner,3,6,Skeleton King,1,4,Tombstone,9,12,Inferno Dragon,3,6,Lava Hound,3,6,Flying Machine,9,12,Skeleton Dragons,11,14,Arrows,11,14,,,,,,,,,,,,,,,,,,,,,,,,,,,,,,,
106,friendly,20220313T152233.000Z,,54000017,Master III,72000007,Friendly,,collection,#R09228V,SK Morten,6820,2,#YUGJCLGU,SK Free2Play,16000044.0,Royal Giant,11,14,Electro Spirit,11,14,Fireball,9,12,Fisherman,3,6,Barbarian Barrel,6,9,Bats,11,14,Archer Queen,1,4,Dark Prince,6,9,,,,,,,,,,,,,,,,,,,,,,,,,,,,,,,,#9QG9RC0,Trainer Monzón™,6600,1,#LJ0LRGJ2,CRL TOP 2,16000110.0,Lava Hound,3,6,Zap,11,14,Tombstone,9,12,Balloon,6,9,Guards,6,9,Inferno Dragon,3,6,Fireball,9,12,Baby Dragon,6,9,,,,,,,,,,,,,,,,,,,,,,,,,,,,,,,
107,friendly,20220313T150755.000Z,,54000017,Master III,72000007,Friendly,,collection,#R09228V,SK Morten,6820,0,#YUGJCLGU,SK Free2Play,16000044.0,Archers,11,14,Skeletons,11,14,Hog Rider,9,12,Knight,11,14,The Log,3,6,Earthquake,9,12,Royal Delivery,11,14,Inferno Tower,9,12,,,,,,,,,,,,,,,,,,,,,,,,,,,,,,,,#9QG9RC0,Trainer Monzón™,6600,2,#LJ0LRGJ2,CRL TOP 2,16000110.0,Mega Knight,3,6,Electro Spirit,11,14,Archer Queen,1,4,Giant Snowball,11,14,Royal Ghost,3,6,Bandit,3,6,Ram Rider,3,6,Lightning,6,9,,,,,,,,,,,,,,,,,,,,,,,,,,,,,,,
108,friendly,20220313T150053.000Z,,54000017,Master III,72000007,Friendly,,collection,#R09228V,SK Morten,6820,1,#YUGJCLGU,SK Free2Play,16000044.0,Mega Knight,3,6,Lightning,6,9,Royal Ghost,3,6,Zappies,9,12,Inferno Dragon,3,6,Ram Rider,3,6,Bandit,3,6,Giant Snowball,11,14,,,,,,,,,,,,,,,,,,,,,,,,,,,,,,,,#9QG9RC0,Trainer Monzón™,6600,0,#LJ0LRGJ2,CRL TOP 2,16000110.0,Valkyrie,9,12,The Log,3,6,Skeletons,11,14,Fire Spirit,11,14,Inferno Tower,9,12,Rocket,9,12,Dart Goblin,9,12,Goblin Barrel,6,9,,,,,,,,,,,,,,,,,,,,,,,,,,,,,,,
109,friendly,20220313T142842.000Z,,54000017,Master III,72000007,Friendly,,collection,#R09228V,SK Morten,6820,1,#YUGJCLGU,SK Free2Play,16000044.0,Bomb Tower,9,12,Archer Queen,1,4,Guards,6,9,Electro Spirit,11,14,Poison,6,9,Miner,3,6,Royal Delivery,11,14,Knight,11,14,,,,,,,,,,,,,,,,,,,,,,,,,,,,,,,,#PGPQQ9UPP,N。,7028,0,#LC8R22RR,引き分け詐欺 I よだっちょ,16000161.0,Giant Skeleton,6,9,Mother Witch,3,6,Balloon,6,9,Graveyard,3,6,Freeze,6,9,Skeleton King,1,4,Tombstone,9,12,Hunter,6,9,,,,,,,,,,,,,,,,,,,,,,,,,,,,,,,
110,friendly,20220313T141913.000Z,,54000017,Master III,72000007,Friendly,,collection,#R09228V,SK Morten,6820,1,#YUGJCLGU,SK Free2Play,16000044.0,Mega Knight,3,6,Inferno Dragon,3,6,Bandit,3,6,Royal Ghost,3,6,Giant Snowball,11,14,Fireball,9,12,Electro Wizard,3,6,Ram Rider,3,6,,,,,,,,,,,,,,,,,,,,,,,,,,,,,,,,#PGPQQ9UPP,N。,7028,0,#LC8R22RR,引き分け詐欺 I よだっちょ,16000161.0,Lava Hound,3,6,Flying Machine,9,12,Skeleton Dragons,11,14,Skeleton Army,6,9,Lumberjack,3,6,Bats,11,14,Clone,6,9,Arrows,11,14,,,,,,,,,,,,,,,,,,,,,,,,,,,,,,,
111,friendly,20220313T141230.000Z,,54000017,Master III,72000007,Friendly,,collection,#R09228V,SK Morten,6820,0,#YUGJCLGU,SK Free2Play,16000044.0,Electro Giant,6,9,Tesla,11,14,Skeletons,11,14,Fire Spirit,11,14,The Log,3,6,Earthquake,9,12,Tornado,6,9,Ice Wizard,3,6,,,,,,,,,,,,,,,,,,,,,,,,,,,,,,,,#PGPQQ9UPP,N。,7028,1,#LC8R22RR,引き分け詐欺 I よだっちょ,16000161.0,Golem,6,9,Cannon Cart,6,9,Golden Knight,1,4,Baby Dragon,6,9,Mega Minion,9,12,Tornado,6,9,Earthquake,9,12,Bomber,11,14,,,,,,,,,,,,,,,,,,,,,,,,,,,,,,,
112,friendly,20220313T133539.000Z,,54000017,Master III,72000007,Friendly,,collection,#R09228V,SK Morten,6820,1,#YUGJCLGU,SK Free2Play,16000044.0,Miner,3,6,Bomb Tower,9,12,Guards,6,9,Fire Spirit,11,14,Knight,11,14,Earthquake,9,12,Royal Delivery,11,14,Archer Queen,1,4,,,,,,,,,,,,,,,,,,,,,,,,,,,,,,,,#2YQGY080Q,qwerty,6098,0,,,,Golem,6,9,Tombstone,9,12,Lightning,6,9,Baby Dragon,6,9,Night Witch,3,6,Skeleton King,1,4,Tornado,6,9,Zap,11,14,,,,,,,,,,,,,,,,,,,,,,,,,,,,,,,
113,friendly,20220313T132732.000Z,,54000017,Master III,72000007,Friendly,,collection,#R09228V,SK Morten,6820,1,#YUGJCLGU,SK Free2Play,16000044.0,Mega Knight,3,6,Giant Snowball,11,14,Lightning,6,9,Tombstone,9,12,Electro Wizard,3,6,Ram Rider,3,6,Cannon Cart,6,9,Skeleton King,1,4,,,,,,,,,,,,,,,,,,,,,,,,,,,,,,,,#2YQGY080Q,qwerty,6098,0,,,,Mega Knight,3,6,Ram Rider,3,6,Poison,6,9,Barbarian Barrel,6,9,Bandit,3,6,Royal Ghost,3,6,Electro Wizard,3,6,Inferno Dragon,3,6,,,,,,,,,,,,,,,,,,,,,,,,,,,,,,,
114,friendly,20220313T125749.000Z,,54000017,Master III,72000007,Friendly,,collection,#R09228V,SK Morten,6820,1,#YUGJCLGU,SK Free2Play,16000044.0,Cannon,11,14,Earthquake,9,12,Royal Delivery,11,14,Hog Rider,9,12,Skeletons,11,14,Knight,11,14,Archer Queen,1,4,The Log,3,6,,,,,,,,,,,,,,,,,,,,,,,,,,,,,,,,#PV92CL9,Legione Gab3ry⚡,6765,0,#22Q9VL,LEGIONE RIBELLE,16000081.0,Ice Golem,9,12,Zappies,9,12,Dark Prince,6,9,Graveyard,3,6,Arrows,11,14,Poison,6,9,Mortar,11,14,Archer Queen,1,4,,,,,,,,,,,,,,,,,,,,,,,,,,,,,,,
115,friendly,20220313T125102.000Z,,54000017,Master III,72000007,Friendly,,collection,#R09228V,SK Morten,6820,1,#YUGJCLGU,SK Free2Play,16000044.0,Poison,6,9,Miner,3,6,Valkyrie,9,12,Cannon Cart,6,9,Giant Snowball,11,14,Mortar,11,14,Spear Goblins,11,14,Firecracker,11,14,,,,,,,,,,,,,,,,,,,,,,,,,,,,,,,,#PV92CL9,Legione Gab3ry⚡,6765,0,#22Q9VL,LEGIONE RIBELLE,16000081.0,Electro Wizard,3,6,Lightning,6,9,Mega Knight,3,6,Golden Knight,1,4,Goblin Cage,9,12,Ram Rider,3,6,Cannon Cart,6,9,Giant Snowball,11,14,,,,,,,,,,,,,,,,,,,,,,,,,,,,,,,
116,friendly,20220312T214515.000Z,,54000017,Master III,72000007,Friendly,,collection,#R09228V,SK Morten,6820,0,#YUGJCLGU,SK Free2Play,16000044.0,Mega Knight,3,6,Ram Rider,3,6,Arrows,11,14,Zap,11,14,Zappies,9,12,Bats,11,14,Royal Ghost,3,6,Bandit,3,6,,,,,,,,,,,,,,,,,,,,,,,,,,,,,,,,#RUQ0JU2P,Asaf,6681,1,#G22U0G9C,CRL 2022,16000004.0,Cannon Cart,6,9,Electro Spirit,11,14,Electro Wizard,3,6,Giant Snowball,11,14,Goblin Cage,9,12,Lightning,6,9,Mega Knight,3,6,Ram Rider,3,6,,,,,,,,,,,,,,,,,,,,,,,,,,,,,,,
117,friendly,20220312T213746.000Z,,54000017,Master III,72000007,Friendly,,collection,#R09228V,SK Morten,6820,0,#YUGJCLGU,SK Free2Play,16000044.0,Skeletons,11,14,Poison,6,9,Dark Prince,6,9,Royal Delivery,11,14,Tesla,11,14,Archers,11,14,Miner,3,6,The Log,3,6,,,,,,,,,,,,,,,,,,,,,,,,,,,,,,,,#RUQ0JU2P,Asaf,6681,1,#G22U0G9C,CRL 2022,16000004.0,Musketeer,9,12,Knight,11,14,The Log,3,6,Bats,11,14,Tesla,11,14,Hog Rider,9,12,Earthquake,9,12,Royal Delivery,11,14,,,,,,,,,,,,,,,,,,,,,,,,,,,,,,,
118,friendly,20220312T205904.000Z,,54000017,Master III,72000007,Friendly,,collection,#R09228V,SK Morten,6820,1,#YUGJCLGU,SK Free2Play,16000044.0,Spear Goblins,11,14,Bats,11,14,Giant Snowball,11,14,Mortar,11,14,Valkyrie,9,12,Poison,6,9,Miner,3,6,Musketeer,9,12,,,,,,,,,,,,,,,,,,,,,,,,,,,,,,,,#8PGU0R8JR,Ouahleouff❤️,6716,0,#LVQUJQG2,GOTAGANG,16000175.0,Archer Queen,1,4,Bandit,3,6,Barbarian Barrel,6,9,Battle Ram,9,12,Elite Barbarians,11,14,Heal Spirit,9,12,Magic Archer,3,6,Royal Ghost,3,6,,,,,,,,,,,,,,,,,,,,,,,,,,,,,,,
119,friendly,20220312T205159.000Z,,54000017,Master III,72000007,Friendly,,collection,#R09228V,SK Morten,6820,1,#YUGJCLGU,SK Free2Play,16000044.0,Tesla,11,14,Skeletons,11,14,Royal Delivery,11,14,Knight,11,14,Earthquake,9,12,The Log,3,6,Hog Rider,9,12,Archer Queen,1,4,,,,,,,,,,,,,,,,,,,,,,,,,,,,,,,,#8PGU0R8JR,Ouahleouff❤️,6716,0,#LVQUJQG2,GOTAGANG,16000175.0,Arrows,11,14,Flying Machine,9,12,Lava Hound,3,6,Mega Minion,9,12,Miner,3,6,Skeleton Dragons,11,14,Skeleton King,1,4,Tombstone,9,12,,,,,,,,,,,,,,,,,,,,,,,,,,,,,,,
120,PvP,20220311T235903.000Z,,54000041,Legendary Arena,72000201,Ladder_CrownRush,,collection,#R09228V,SK Morten,6845,0,#YUGJCLGU,SK Free2Play,16000044.0,Tesla,14,14,Skeletons,14,14,Royal Delivery,14,14,Knight,14,14,Earthquake,12,12,The Log,6,6,Hog Rider,12,12,Archer Queen,4,4,,,,,,,,,,,,,,,,,,,,,,,,,,,,,,,,#2RJQC8GV9,TMB I Mereegøg✨,6900,1,#LP2LCGVG,Ad Astra,16000175.0,Mortar,14,14,Minion Horde,14,14,Skeleton King,4,4,Skeleton Army,9,9,Cannon Cart,9,9,Miner,6,6,Arrows,14,14,Dart Goblin,12,12,,,,,,,,,,,,,,,,,,,,,,,,,,,,,,,
121,PvP,20220311T235453.000Z,,54000041,Legendary Arena,72000201,Ladder_CrownRush,,collection,#R09228V,SK Morten,6818,1,#YUGJCLGU,SK Free2Play,16000044.0,Tesla,14,14,Skeletons,14,14,Royal Delivery,14,14,Knight,14,14,Earthquake,12,12,The Log,6,6,Hog Rider,12,12,Archer Queen,4,4,,,,,,,,,,,,,,,,,,,,,,,,,,,,,,,,#CQUL0UV0,thug,6786,0,#82CR0GR,#NoMercy,16000175.0,Ice Golem,12,12,Hog Rider,12,12,Cannon,14,14,Fireball,12,12,Ice Spirit,14,14,Musketeer,12,12,Skeletons,14,14,The Log,6,6,,,,,,,,,,,,,,,,,,,,,,,,,,,,,,,
122,PvP,20220311T235037.000Z,,54000041,Legendary Arena,72000201,Ladder_CrownRush,,collection,#R09228V,SK Morten,6792,1,#YUGJCLGU,SK Free2Play,16000044.0,Tesla,14,14,Skeletons,14,14,Royal Delivery,14,14,Knight,14,14,Earthquake,12,12,The Log,6,6,Hog Rider,12,12,Archer Queen,4,4,,,,,,,,,,,,,,,,,,,,,,,,,,,,,,,,#U0JRJYQ,riki ベットリ,6751,0,#2R8U0CR0,Tesle Italiane,16000010.0,Hog Rider,12,12,Archer Queen,4,4,Fire Spirit,14,14,Skeletons,14,14,Cannon,14,14,The Log,6,6,Royal Delivery,14,14,Earthquake,12,12,,,,,,,,,,,,,,,,,,,,,,,,,,,,,,,
123,PvP,20220311T205957.000Z,,54000041,Legendary Arena,72000201,Ladder_CrownRush,,collection,#R09228V,SK Morten,6820,1,#YUGJCLGU,SK Free2Play,16000044.0,Tesla,14,14,Skeletons,14,14,Royal Delivery,14,14,Knight,14,14,Earthquake,12,12,The Log,6,6,Hog Rider,12,12,Archer Queen,4,4,,,,,,,,,,,,,,,,,,,,,,,,,,,,,,,,#8990L0C8L,⚡Thehc10™⚡,6839,3,#9CU0G2VU,TANIMSIZLAR,16000030.0,Giant,12,12,Balloon,9,9,Witch,9,9,Skeleton Army,9,9,Valkyrie,12,12,Minion Horde,14,14,Arrows,14,14,Rage,9,9,,,,,,,,,,,,,,,,,,,,,,,,,,,,,,,
124,PvP,20220311T205649.000Z,,54000041,Legendary Arena,72000201,Ladder_CrownRush,,collection,#R09228V,SK Morten,6792,2,#YUGJCLGU,SK Free2Play,16000044.0,Tesla,14,14,Skeletons,14,14,Royal Delivery,14,14,Knight,14,14,Earthquake,12,12,The Log,6,6,Hog Rider,12,12,Archer Queen,4,4,,,,,,,,,,,,,,,,,,,,,,,,,,,,,,,,#LR2JYY0L,moustafa,6771,1,#P8G8098G,clashing,16000034.0,Bats,14,14,Freeze,9,9,Graveyard,6,6,Wizard,12,12,Wall Breakers,9,9,Skeleton Army,9,9,Valkyrie,12,12,Knight,14,14,,,,,,,,,,,,,,,,,,,,,,,,,,,,,,,
